BEKB,EURONEXT - EURONEXT BRUSSELS
COLR,EURONEXT - EURONEXT BRUSSELS
PHIA,EURONEXT - EURONEXT AMSTERDAM
BAS,XETRA
BIMAS.E,BORSA ISTANBUL - EQUITY MARKET
BOSS,XETRA
DUE,XETRA
HLAG,XETRA
HEN3,XETRA
RUSTA,NASDAQ STOCKHOLM AB
PUM,XETRA
SIE,XETRA
WUW,XETRA
ACX,BOLSA DE MADRID
EBRO,BOLSA DE MADRID
BNP,EURONEXT - EURONEXT PARIS
EN,EURONEXT - EURONEXT PARIS
ENR,XETRA
SCR,EURONEXT - EURONEXT PARIS
VCT,EURONEXT - EURONEXT PARIS
EL,EURONEXT - EURONEXT PARIS
RF,EURONEXT - EURONEXT PARIS
FLY,EURONEXT - EURONEXT PARIS
COV,EURONEXT - EURONEXT PARIS
FII,EURONEXT - EURONEXT PARIS
NK,EURONEXT - EURONEXT PARIS
MC,EURONEXT - EURONEXT PARIS
ML,EURONEXT - EURONEXT PARIS
POM,EURONEXT - EURONEXT PARIS
KER,EURONEXT - EURONEXT PARIS
PUB,EURONEXT - EURONEXT PARIS
RBT,EURONEXT - EURONEXT PARIS
VIRP,EURONEXT - EURONEXT PARIS
BAB,LONDON STOCK EXCHANGE
XTB,WARSAW STOCK EXCHANGE/EQUITIES/MAIN MARKET
BATS,LONDON STOCK EXCHANGE
BOY,LONDON STOCK EXCHANGE
BNZL,LONDON STOCK EXCHANGE
CKN,LONDON STOCK EXCHANGE
DPLM,LONDON STOCK EXCHANGE
HLMA,LONDON STOCK EXCHANGE
ELM,LONDON STOCK EXCHANGE
HAS,LONDON STOCK EXCHANGE
RDC,XETRA
HILS,LONDON STOCK EXCHANGE
HSBA,LONDON STOCK EXCHANGE
KRZ,IRISH STOCK EXCHANGE - ALL MARKET
SDR,LONDON STOCK EXCHANGE
SVT,LONDON STOCK EXCHANGE
SMIN,LONDON STOCK EXCHANGE
STAN,LONDON STOCK EXCHANGE
TPK,LONDON STOCK EXCHANGE
WTB,LONDON STOCK EXCHANGE
OERL,SIX SWISS EXCHANGE
DAE,SIX SWISS EXCHANGE
EMSN,SIX SWISS EXCHANGE
GF,SIX SWISS EXCHANGE
HOLN,SIX SWISS EXCHANGE
KARN,SIX SWISS EXCHANGE
IMB,LONDON STOCK EXCHANGE
DRX,LONDON STOCK EXCHANGE
TECN,SIX SWISS EXCHANGE
VONN,SIX SWISS EXCHANGE
LRE,LONDON STOCK EXCHANGE
MONC,ELECTRONIC SHARE MARKET
NEXI,ELECTRONIC SHARE MARKET
VU,EURONEXT - EURONEXT PARIS
TEL,OSLO BORS ASA
ISS,NASDAQ COPENHAGEN A/S
GALE,SIX SWISS EXCHANGE
GEN,LONDON STOCK EXCHANGE
NKT,NASDAQ COPENHAGEN A/S
DNORD,NASDAQ COPENHAGEN A/S
SYDB,NASDAQ COPENHAGEN A/S
TOP,NASDAQ COPENHAGEN A/S
AD,EURONEXT - EURONEXT AMSTERDAM
AKZA,EURONEXT - EURONEXT AMSTERDAM
HEIA,EURONEXT - EURONEXT AMSTERDAM
SES,ELECTRONIC SHARE MARKET
BONEX,NASDAQ STOCKHOLM AB
SOKM.E,BORSA ISTANBUL - EQUITY MARKET
BELA,ATHENS EXCHANGE S.A. CASH MARKET
ASHM,LONDON STOCK EXCHANGE
IOS,XETRA
NHY,OSLO BORS ASA
STB,OSLO BORS ASA
OLT,OSLO BORS ASA
TOM,OSLO BORS ASA
PNDX B,NASDAQ STOCKHOLM AB
G,ELECTRONIC SHARE MARKET
ITM,ELECTRONIC SHARE MARKET
TIT,ELECTRONIC SHARE MARKET
AED,EURONEXT - EURONEXT BRUSSELS
SEB A,NASDAQ STOCKHOLM AB
SKA B,NASDAQ STOCKHOLM AB
SKF B,NASDAQ STOCKHOLM AB
TREL B,NASDAQ STOCKHOLM AB
KESKOB,NASDAQ HELSINKI LTD
OUT1V,NASDAQ HELSINKI LTD
NOKIA,NASDAQ HELSINKI LTD
777,XETRA
TIETO,NASDAQ HELSINKI LTD
PKO,WARSAW STOCK EXCHANGE/EQUITIES/MAIN MARKET
SL,ELECTRONIC SHARE MARKET
MELE,EURONEXT - EURONEXT BRUSSELS
ELISA,NASDAQ HELSINKI LTD
NEWA B,NASDAQ STOCKHOLM AB
WLN,EURONEXT - EURONEXT PARIS
FRAS,LONDON STOCK EXCHANGE
NVG,OPERADOR DE MERCADO IBERICO DE ENERGIA - PORTUGAL
SHL,XETRA
PRY,ELECTRONIC SHARE MARKET
TPE,WARSAW STOCK EXCHANGE/EQUITIES/MAIN MARKET
ALM,BOLSA DE MADRID
MNDI,LONDON STOCK EXCHANGE
FAGR,EURONEXT - EURONEXT BRUSSELS
NETC,NASDAQ COPENHAGEN A/S
HPOL B,NASDAQ STOCKHOLM AB
YCA,LONDON STOCK EXCHANGE
GAW,LONDON STOCK EXCHANGE
ERF,EURONEXT - EURONEXT PARIS
MAIRE,ELECTRONIC SHARE MARKET
SWEC B,NASDAQ STOCKHOLM AB
DHER,XETRA
RKT,LONDON STOCK EXCHANGE
GYC,XETRA
BAVA,NASDAQ COPENHAGEN A/S
HMS,NASDAQ STOCKHOLM AB
TFF,EURONEXT - EURONEXT PARIS
MVV1,XETRA
TITC,EURONEXT - EURONEXT BRUSSELS
O2D,XETRA
PKTM,SIX SWISS EXCHANGE
ANOD B,NASDAQ STOCKHOLM AB
BPE,ELECTRONIC SHARE MARKET
GCO,BOLSA DE MADRID
VIT B,NASDAQ STOCKHOLM AB
MNG,LONDON STOCK EXCHANGE
AEVS,SIX SWISS EXCHANGE
DSV,NASDAQ COPENHAGEN A/S
HEXA B,NASDAQ STOCKHOLM AB
OCI,EURONEXT - EURONEXT AMSTERDAM
OVH,EURONEXT - EURONEXT PARIS
BANB,SIX SWISS EXCHANGE
NETW,LONDON STOCK EXCHANGE
BRAV,NASDAQ STOCKHOLM AB
MGROS.E,BORSA ISTANBUL - EQUITY MARKET
TRIG,LONDON STOCK EXCHANGE
ARYN,SIX SWISS EXCHANGE
NOLA B,NASDAQ STOCKHOLM AB
SSE,LONDON STOCK EXCHANGE
RAND,EURONEXT - EURONEXT AMSTERDAM
SPSN,SIX SWISS EXCHANGE
ECMPA,EURONEXT - EURONEXT AMSTERDAM
SSAB A,NASDAQ STOCKHOLM AB
JUST,LONDON STOCK EXCHANGE
BBOX,LONDON STOCK EXCHANGE
YACHT,ELECTRONIC SHARE MARKET
TOASO.E,BORSA ISTANBUL - EQUITY MARKET
GARAN.E,BORSA ISTANBUL - EQUITY MARKET
BIOT,NASDAQ STOCKHOLM AB
NXU,XETRA
FABG,NASDAQ STOCKHOLM AB
PST,ELECTRONIC SHARE MARKET
LTMC,ELECTRONIC SHARE MARKET
BPSO,ELECTRONIC SHARE MARKET
VESTL.E,BORSA ISTANBUL - EQUITY MARKET
RICHTER,BUDAPEST STOCK EXCHANGE
LOOMIS,NASDAQ STOCKHOLM AB
P911,XETRA
TXGN,SIX SWISS EXCHANGE
TOD,ELECTRONIC SHARE MARKET
EZJ,LONDON STOCK EXCHANGE
MOBN,SIX SWISS EXCHANGE
DHG,IRISH STOCK EXCHANGE - ALL MARKET
JDW,LONDON STOCK EXCHANGE
GPP,WARSAW STOCK EXCHANGE/EQUITIES/MAIN MARKET
ENX,EURONEXT - EURONEXT PARIS
NA9,XETRA
STLAM,ELECTRONIC SHARE MARKET
HAG,XETRA
SPI,LONDON STOCK EXCHANGE
BAKKA,OSLO BORS ASA
RMS,EURONEXT - EURONEXT PARIS
UBSG,SIX SWISS EXCHANGE
SAB,BOLSA DE MADRID
NEX,EURONEXT - EURONEXT PARIS
ALR,WARSAW STOCK EXCHANGE/EQUITIES/MAIN MARKET
TEMN,SIX SWISS EXCHANGE
DLG,ELECTRONIC SHARE MARKET
MAREL,NASDAQ ICELAND HF.
GEKTERNA,ATHENS EXCHANGE S.A. CASH MARKET
EUROB,ATHENS EXCHANGE S.A. CASH MARKET
ORA,EURONEXT - EURONEXT PARIS
INPST,EURONEXT - EURONEXT AMSTERDAM
TE,EURONEXT - EURONEXT PARIS
FGP,LONDON STOCK EXCHANGE
MIL,WARSAW STOCK EXCHANGE/EQUITIES/MAIN MARKET
BCGE,SIX SWISS EXCHANGE
ARLN,HANSEATISCHE WERTPAPIERBOERSE HAMBURG
ZEG,LONDON STOCK EXCHANGE
ITRK,LONDON STOCK EXCHANGE
AZE,EURONEXT - EURONEXT BRUSSELS
INVP,LONDON STOCK EXCHANGE
SRBNK,OSLO BORS ASA
CRN,LONDON STOCK EXCHANGE
KEMPOWR,FIRST NORTH FINLAND - SME GROWTH MARKET
PSM,XETRA
AMS,BOLSA DE MADRID
TEN,ELECTRONIC SHARE MARKET
FIE,XETRA
WWI,OSLO BORS ASA
MMT,EURONEXT - EURONEXT PARIS
DCC,LONDON STOCK EXCHANGE
ASSA B,NASDAQ STOCKHOLM AB
EDEN,EURONEXT - EURONEXT PARIS
STMPA,EURONEXT - EURONEXT PARIS
FLE,EURONEXT - EURONEXT AMSTERDAM
SINCH,NASDAQ STOCKHOLM AB
EXN,EURONEXT - EURONEXT PARIS
DWL,LONDON STOCK EXCHANGE
BREE,LONDON STOCK EXCHANGE
BDX,WARSAW STOCK EXCHANGE/EQUITIES/MAIN MARKET
AGN,EURONEXT - EURONEXT AMSTERDAM
NAS,OSLO BORS ASA
WAF,XETRA
LAMDA,ATHENS EXCHANGE S.A. CASH MARKET
RED,BOLSA DE MADRID
MOL,BUDAPEST STOCK EXCHANGE
AZM,ELECTRONIC SHARE MARKET
DOKA,SIX SWISS EXCHANGE
YPSN,SIX SWISS EXCHANGE
HBMN,SIX SWISS EXCHANGE
H2O,SPOT REGULATED MARKET - BVB
SSPG,LONDON STOCK EXCHANGE
SY1,XETRA
HIK,LONDON STOCK EXCHANGE
MTX,XETRA
JSW,WARSAW STOCK EXCHANGE/EQUITIES/MAIN MARKET
SRAIL,SIX SWISS EXCHANGE
DOCM,SIX SWISS EXCHANGE
RBI,WIENER BOERSE AG AMTLICHER HANDEL (OFFICIAL MARKET)
NESTE,NASDAQ HELSINKI LTD
YOU,LONDON STOCK EXCHANGE
PEP,WARSAW STOCK EXCHANGE/EQUITIES/MAIN MARKET
EVN,WIENER BOERSE AG AMTLICHER HANDEL (OFFICIAL MARKET)
OMV,WIENER BOERSE AG AMTLICHER HANDEL (OFFICIAL MARKET)
STR,WIENER BOERSE AG AMTLICHER HANDEL (OFFICIAL MARKET)
UCB,EURONEXT - EURONEXT BRUSSELS
ALV,XETRA
KCR,NASDAQ HELSINKI LTD
BYW6,XETRA
DBK,XETRA
KRN,XETRA
G1A,XETRA
PAH3,XETRA
TUI1,XETRA
RWE,XETRA
TKA,XETRA
CIE,BOLSA DE MADRID
IDR,BOLSA DE MADRID
ANA,BOLSA DE MADRID
ELE,BOLSA DE MADRID
FAE,BOLSA DE MADRID
IBE,BOLSA DE MADRID
MAP,BOLSA DE MADRID
TBCG,LONDON STOCK EXCHANGE
SCYR,BOLSA DE MADRID
AI,EURONEXT - EURONEXT PARIS
NOD,OSLO BORS ASA
TEL2 B,NASDAQ STOCKHOLM AB
BEN,EURONEXT - EURONEXT PARIS
AM,EURONEXT - EURONEXT PARIS
FGR,EURONEXT - EURONEXT PARIS
OR,EURONEXT - EURONEXT PARIS
MF,EURONEXT - EURONEXT PARIS
ANE,BOLSA DE MADRID
MMB,EURONEXT - EURONEXT PARIS
RCO,EURONEXT - EURONEXT PARIS
ADEN,SIX SWISS EXCHANGE
DSY,EURONEXT - EURONEXT PARIS
AHT,LONDON STOCK EXCHANGE
BWY,LONDON STOCK EXCHANGE
FOUR,LONDON STOCK EXCHANGE
GJF,OSLO BORS ASA
GBF,XETRA
COA,LONDON STOCK EXCHANGE
CPG,LONDON STOCK EXCHANGE
CRDA,LONDON STOCK EXCHANGE
RS1,LONDON STOCK EXCHANGE
SXS,LONDON STOCK EXCHANGE
REDD,LONDON STOCK EXCHANGE
DGE,LONDON STOCK EXCHANGE
HAL,EURONEXT - EURONEXT AMSTERDAM
INCH,LONDON STOCK EXCHANGE
HELN,SIX SWISS EXCHANGE
KGF,LONDON STOCK EXCHANGE
PAG,LONDON STOCK EXCHANGE
VAR,OSLO BORS ASA
NXT,LONDON STOCK EXCHANGE
OXIG,LONDON STOCK EXCHANGE
PRU,LONDON STOCK EXCHANGE
STJ,LONDON STOCK EXCHANGE
NWG,LONDON STOCK EXCHANGE
SVS,LONDON STOCK EXCHANGE
PNN,LONDON STOCK EXCHANGE
TW.,LONDON STOCK EXCHANGE
TSCO,LONDON STOCK EXCHANGE
ABBN,SIX SWISS EXCHANGE
BELL,SIX SWISS EXCHANGE
SAVE,NASDAQ STOCKHOLM AB
BOSN,SIX SWISS EXCHANGE
BUCN,SIX SWISS EXCHANGE
JFN,SIX SWISS EXCHANGE
HUBN,SIX SWISS EXCHANGE
LUKN,SIX SWISS EXCHANGE
REHN,SIX SWISS EXCHANGE
BVIC,LONDON STOCK EXCHANGE
EMBRAC B,NASDAQ STOCKHOLM AB
CENER,EURONEXT - EURONEXT BRUSSELS
ESSITY B,NASDAQ STOCKHOLM AB
HUSQ B,NASDAQ STOCKHOLM AB
DIOS,NASDAQ STOCKHOLM AB
SRS,ELECTRONIC SHARE MARKET
WAC,XETRA
IPCO,NASDAQ STOCKHOLM AB
MTRS,NASDAQ STOCKHOLM AB
HALKB.E,BORSA ISTANBUL - EQUITY MARKET
BETCO,NASDAQ STOCKHOLM AB
MAERSK B,NASDAQ COPENHAGEN A/S
VBK,XETRA
ALK B,NASDAQ COPENHAGEN A/S
NOVO B,NASDAQ COPENHAGEN A/S
RYA,IRISH STOCK EXCHANGE - ALL MARKET
SCHO,NASDAQ COPENHAGEN A/S
AALB,EURONEXT - EURONEXT AMSTERDAM
CRBN,EURONEXT - EURONEXT AMSTERDAM
TWEKA,EURONEXT - EURONEXT AMSTERDAM
ALESK,EURONEXT GROWTH PARIS
MONT,EURONEXT - EURONEXT BRUSSELS
AAL,LONDON STOCK EXCHANGE
UKCM,LONDON STOCK EXCHANGE
MB,ELECTRONIC SHARE MARKET
B4B,XETRA
CE,ELECTRONIC SHARE MARKET
REC,ELECTRONIC SHARE MARKET
SPM,ELECTRONIC SHARE MARKET
LDO,ELECTRONIC SHARE MARKET
ATCO A,NASDAQ STOCKHOLM AB
BOL,NASDAQ STOCKHOLM AB
ELUX B,NASDAQ STOCKHOLM AB
ERIC B,NASDAQ STOCKHOLM AB
FAG,NASDAQ STOCKHOLM AB
HUFV A,NASDAQ STOCKHOLM AB
NCC B,NASDAQ STOCKHOLM AB
KGH,WARSAW STOCK EXCHANGE/EQUITIES/MAIN MARKET
RATO B,NASDAQ STOCKHOLM AB
SAND,NASDAQ STOCKHOLM AB
FSKRS,NASDAQ HELSINKI LTD
HUH1V,NASDAQ HELSINKI LTD
METSB,NASDAQ HELSINKI LTD
SPL,WARSAW STOCK EXCHANGE/EQUITIES/MAIN MARKET
EOAN,XETRA
AFG,OSLO BORS ASA
ASM,EURONEXT - EURONEXT AMSTERDAM
TLV,SPOT REGULATED MARKET - BVB
HHFA,XETRA
ELIS,EURONEXT - EURONEXT PARIS
CPS,WARSAW STOCK EXCHANGE/EQUITIES/MAIN MARKET
SEPL,LONDON STOCK EXCHANGE
HAUTO,OSLO BORS ASA
SRE,LONDON STOCK EXCHANGE
KIN,EURONEXT - EURONEXT BRUSSELS
DWNI,XETRA
SYSR,NASDAQ STOCKHOLM AB
MED,SIX SWISS EXCHANGE
FNOX,NASDAQ STOCKHOLM AB
BNOR,OSLO BORS ASA
EAT,WARSAW STOCK EXCHANGE/EQUITIES/MAIN MARKET
VWS,NASDAQ COPENHAGEN A/S
ACP,WARSAW STOCK EXCHANGE/EQUITIES/MAIN MARKET
GET,EURONEXT - EURONEXT PARIS
LIFCO B,NASDAQ STOCKHOLM AB
BIOG B,NASDAQ STOCKHOLM AB
JEN,XETRA
KRU,WARSAW STOCK EXCHANGE/EQUITIES/MAIN MARKET
TRGYO.E,BORSA ISTANBUL - EQUITY MARKET
MT,EURONEXT - EURONEXT AMSTERDAM
TCELL.E,BORSA ISTANBUL - EQUITY MARKET
MOR,XETRA
SPIE,EURONEXT - EURONEXT PARIS
BMED,ELECTRONIC SHARE MARKET
RDW,LONDON STOCK EXCHANGE
ADV,XETRA
AAF,LONDON STOCK EXCHANGE
SECT B,NASDAQ STOCKHOLM AB
ROVI,BOLSA DE MADRID
SAGA A,NASDAQ STOCKHOLM AB
PHNX,LONDON STOCK EXCHANGE
VGP,EURONEXT - EURONEXT BRUSSELS
ASELS.E,BORSA ISTANBUL - EQUITY MARKET
KOZAL.E,BORSA ISTANBUL - EQUITY MARKET
IPS,EURONEXT - EURONEXT PARIS
WPP,LONDON STOCK EXCHANGE
CMBN,SIX SWISS EXCHANGE
LEG,XETRA
SPI,WIENER BOERSE AG AMTLICHER HANDEL (OFFICIAL MARKET)
COL,BOLSA DE MADRID
ALO,EURONEXT - EURONEXT PARIS
PEAB B,NASDAQ STOCKHOLM AB
DNP,WARSAW STOCK EXCHANGE/EQUITIES/MAIN MARKET
NCAB,NASDAQ STOCKHOLM AB
FER,BOLSA DE MADRID
WOSG,LONDON STOCK EXCHANGE
XFAB,EURONEXT - EURONEXT PARIS
DIGI,SPOT REGULATED MARKET - BVB
OX2,NASDAQ STOCKHOLM AB
TRN,LONDON STOCK EXCHANGE
RAA,XETRA
IFX,XETRA
AIR,EURONEXT - EURONEXT PARIS
PSPN,SIX SWISS EXCHANGE
AOF,XETRA
ASRNL,EURONEXT - EURONEXT AMSTERDAM
VOLCAR B,NASDAQ STOCKHOLM AB
RWS,LONDON STOCK EXCHANGE
SRT,XETRA
SON,OPERADOR DE MERCADO IBERICO DE ENERGIA - PORTUGAL
LSG,OSLO BORS ASA
ITH,LONDON STOCK EXCHANGE
URW,EURONEXT - EURONEXT PARIS
AYGAZ.E,BORSA ISTANBUL - EQUITY MARKET
BLV,EURONEXT - EURONEXT PARIS
IGG,LONDON STOCK EXCHANGE
N91,LONDON STOCK EXCHANGE
FUR,EURONEXT - EURONEXT AMSTERDAM
BRISA.E,BORSA ISTANBUL - EQUITY MARKET
GMAB,NASDAQ COPENHAGEN A/S
CCL,LONDON STOCK EXCHANGE
PETS,LONDON STOCK EXCHANGE
IFCN,SIX SWISS EXCHANGE
ARN,ELECTRONIC SHARE MARKET
SGKN,SIX SWISS EXCHANGE
FLTR,LONDON STOCK EXCHANGE
AF,EURONEXT - EURONEXT PARIS
MOEX,MOSCOW EXCHANGE - ALL MARKETS
EQT,NASDAQ STOCKHOLM AB
WIZZ,LONDON STOCK EXCHANGE
FAN,LONDON STOCK EXCHANGE
DLG,LONDON STOCK EXCHANGE
BPT,LONDON STOCK EXCHANGE
BAER,SIX SWISS EXCHANGE
DOCS,LONDON STOCK EXCHANGE
LPP,WARSAW STOCK EXCHANGE/EQUITIES/MAIN MARKET
FRA,XETRA
DEC,EURONEXT - EURONEXT PARIS
TLX,XETRA
GTT,EURONEXT - EURONEXT PARIS
IDL,EURONEXT - EURONEXT PARIS
OSSR,NASDAQ COPENHAGEN A/S
BYIT,LONDON STOCK EXCHANGE
SNP,SPOT REGULATED MARKET - BVB
NEOEN,EURONEXT - EURONEXT PARIS
JMT,OPERADOR DE MERCADO IBERICO DE ENERGIA - PORTUGAL
INDV,LONDON STOCK EXCHANGE
SWED A,NASDAQ STOCKHOLM AB
DARK,LONDON STOCK EXCHANGE
WISE,LONDON STOCK EXCHANGE
FPAR A,NASDAQ STOCKHOLM AB
BCG,LONDON STOCK EXCHANGE
AUTO,LONDON STOCK EXCHANGE
ENG,BOLSA DE MADRID
MONET,PRAGUE STOCK EXCHANGE
MFEB,ELECTRONIC SHARE MARKET
ALLEI,NASDAQ STOCKHOLM AB
WAWI,OSLO BORS ASA
TURSG.E,BORSA ISTANBUL - EQUITY MARKET
SOON,SIX SWISS EXCHANGE
HBH,XETRA
OCDO,LONDON STOCK EXCHANGE
EPI A,NASDAQ STOCKHOLM AB
ASML,EURONEXT - EURONEXT AMSTERDAM
VMUK,LONDON STOCK EXCHANGE
STM,XETRA
DOFG,OSLO BORS ASA
RACE,ELECTRONIC SHARE MARKET
GVS,ELECTRONIC SHARE MARKET
DNB,OSLO BORS ASA
SHUR,EURONEXT - EURONEXT BRUSSELS
SDZ,SIX SWISS EXCHANGE
DEMANT,NASDAQ COPENHAGEN A/S
MANTA,NASDAQ HELSINKI LTD
ABI,EURONEXT - EURONEXT BRUSSELS
NEM,XETRA
CAR,WARSAW STOCK EXCHANGE/EQUITIES/MAIN MARKET
KIND SDB,NASDAQ STOCKHOLM AB
TTRAK.E,BORSA ISTANBUL - EQUITY MARKET
ADS,XETRA
FLU,WIENER BOERSE AG AMTLICHER HANDEL (OFFICIAL MARKET)
ADM,LONDON STOCK EXCHANGE
CCC,WARSAW STOCK EXCHANGE/EQUITIES/MAIN MARKET
GLPG,EURONEXT - EURONEXT AMSTERDAM
TIP,ELECTRONIC SHARE MARKET
DKSH,SIX SWISS EXCHANGE
SALM,OSLO BORS ASA
TGYM,ELECTRONIC SHARE MARKET
SNN,SPOT REGULATED MARKET - BVB
AVOL,SIX SWISS EXCHANGE
VER,WIENER BOERSE AG AMTLICHER HANDEL (OFFICIAL MARKET)
LOTB,EURONEXT - EURONEXT BRUSSELS
DIE,EURONEXT - EURONEXT BRUSSELS
RWAY,ELECTRONIC SHARE MARKET
SOLB,EURONEXT - EURONEXT BRUSSELS
BMW,XETRA
CBK,XETRA
INDT,NASDAQ STOCKHOLM AB
BFIT,EURONEXT - EURONEXT AMSTERDAM
CON,XETRA
LHA,XETRA
HOT,XETRA
ANIM,ELECTRONIC SHARE MARKET
ENAV,ELECTRONIC SHARE MARKET
SDF,XETRA
MUV2,XETRA
VOW,XETRA
BBVA,BOLSA DE MADRID
FCC,BOLSA DE MADRID
REP,BOLSA DE MADRID
GFC,EURONEXT - EURONEXT PARIS
LI,EURONEXT - EURONEXT PARIS
LSS,EURONEXT - EURONEXT PARIS
BOL,EURONEXT - EURONEXT PARIS
SGO,EURONEXT - EURONEXT PARIS
VK,EURONEXT - EURONEXT PARIS
UBI,EURONEXT - EURONEXT PARIS
FR,EURONEXT - EURONEXT PARIS
BARC,LONDON STOCK EXCHANGE
BBY,LONDON STOCK EXCHANGE
BT.A,LONDON STOCK EXCHANGE
CHG,LONDON STOCK EXCHANGE
AV.,LONDON STOCK EXCHANGE
ITV,LONDON STOCK EXCHANGE
EXPN,LONDON STOCK EXCHANGE
GRG,LONDON STOCK EXCHANGE
PFV,XETRA
LGEN,LONDON STOCK EXCHANGE
MKS,LONDON STOCK EXCHANGE
RAT,LONDON STOCK EXCHANGE
ETL,EURONEXT - EURONEXT PARIS
GVOLT,OPERADOR DE MERCADO IBERICO DE ENERGIA - PORTUGAL
RR.,LONDON STOCK EXCHANGE
ROR,LONDON STOCK EXCHANGE
MGNS,LONDON STOCK EXCHANGE
IPN,EURONEXT - EURONEXT PARIS
SMWH,LONDON STOCK EXCHANGE
TATE,LONDON STOCK EXCHANGE
LLOY,LONDON STOCK EXCHANGE
COTN,SIX SWISS EXCHANGE
STG,NASDAQ COPENHAGEN A/S
KCAER.E,BORSA ISTANBUL - EQUITY MARKET
ALSN,SIX SWISS EXCHANGE
GRKP,SIX SWISS EXCHANGE
SUN,SIX SWISS EXCHANGE
PEO,WARSAW STOCK EXCHANGE/EQUITIES/MAIN MARKET
JD.,LONDON STOCK EXCHANGE
EXO,EURONEXT - EURONEXT AMSTERDAM
IWG,LONDON STOCK EXCHANGE
BUFAB,NASDAQ STOCKHOLM AB
BAMI,ELECTRONIC SHARE MARKET
IP,ELECTRONIC SHARE MARKET
BFT,WARSAW STOCK EXCHANGE/EQUITIES/MAIN MARKET
AMAG,WIENER BOERSE AG AMTLICHER HANDEL (OFFICIAL MARKET)
KRKG,LJUBLJANA STOCK EXCHANGE (OFFICIAL MARKET)
ORNBV,NASDAQ HELSINKI LTD
AUSS,OSLO BORS ASA
GEBN,SIX SWISS EXCHANGE
DFDS,NASDAQ COPENHAGEN A/S
SUPR,LONDON STOCK EXCHANGE
CARL B,NASDAQ COPENHAGEN A/S
JYSK,NASDAQ COPENHAGEN A/S
RILBA,NASDAQ COPENHAGEN A/S
CORE A,NASDAQ STOCKHOLM AB
BIRG,IRISH STOCK EXCHANGE - ALL MARKET
LAND,SIX SWISS EXCHANGE
CE2,XETRA
HTO,ATHENS EXCHANGE S.A. CASH MARKET
VEI,OSLO BORS ASA
DNLM,LONDON STOCK EXCHANGE
WBD,ELECTRONIC SHARE MARKET
DAN,ELECTRONIC SHARE MARKET
INVE B,NASDAQ STOCKHOLM AB
SAAB B,NASDAQ STOCKHOLM AB
VOLV B,NASDAQ STOCKHOLM AB
UPONOR,NASDAQ HELSINKI LTD
STERV,NASDAQ HELSINKI LTD
HFG,XETRA
SELEC.E,BORSA ISTANBUL - EQUITY MARKET
ARJO B,NASDAQ STOCKHOLM AB
ERG,ELECTRONIC SHARE MARKET
TGS,OSLO BORS ASA
SCHP,EURONEXT - EURONEXT PARIS
BCHN,SIX SWISS EXCHANGE
BNR,XETRA
VZN,SIX SWISS EXCHANGE
BKW,SIX SWISS EXCHANGE
FNTN,XETRA
SK3,IRISH STOCK EXCHANGE - ALL MARKET
VRLA,EURONEXT - EURONEXT PARIS
ADYEN,EURONEXT - EURONEXT AMSTERDAM
CEY,LONDON STOCK EXCHANGE
ALLFG,EURONEXT - EURONEXT AMSTERDAM
YKBNK.E,BORSA ISTANBUL - EQUITY MARKET
MOL,ELECTRONIC SHARE MARKET
STF,EURONEXT - EURONEXT PARIS
STMN,SIX SWISS EXCHANGE
ELPE,ATHENS EXCHANGE S.A. CASH MARKET
BGEO,LONDON STOCK EXCHANGE
UNI,BOLSA DE MADRID
BC,ELECTRONIC SHARE MARKET
A2A,ELECTRONIC SHARE MARKET
SCMN,SIX SWISS EXCHANGE
KBC,EURONEXT - EURONEXT BRUSSELS
CVSG,LONDON STOCK EXCHANGE
ERA,EURONEXT - EURONEXT PARIS
AKBNK.E,BORSA ISTANBUL - EQUITY MARKET
AFRY,NASDAQ STOCKHOLM AB
PTEC,LONDON STOCK EXCHANGE
ARCLK.E,BORSA ISTANBUL - EQUITY MARKET
SOW,XETRA
AJB,LONDON STOCK EXCHANGE
AKCNS.E,BORSA ISTANBUL - EQUITY MARKET
ACE,ELECTRONIC SHARE MARKET
ACA,EURONEXT - EURONEXT PARIS
ELG,XETRA
BALD B,NASDAQ STOCKHOLM AB
SII,EURONEXT - EURONEXT PARIS
ALC,SIX SWISS EXCHANGE
MOVE,SIX SWISS EXCHANGE
CARM,EURONEXT - EURONEXT PARIS
YSN,XETRA
PKN,WARSAW STOCK EXCHANGE/EQUITIES/MAIN MARKET
AKSEN.E,BORSA ISTANBUL - EQUITY MARKET
ISCTR.E,BORSA ISTANBUL - EQUITY MARKET
KEMIRA,NASDAQ HELSINKI LTD
KCHOL.E,BORSA ISTANBUL - EQUITY MARKET
PRX,EURONEXT - EURONEXT AMSTERDAM
FLNG,OSLO BORS ASA
TRNFP,MOSCOW EXCHANGE - ALL MARKETS
FPE3,XETRA
MYCR,NASDAQ STOCKHOLM AB
SIX2,XETRA
AFX,XETRA
BC8,XETRA
FROTO.E,BORSA ISTANBUL - EQUITY MARKET
KWS,XETRA
NRO,EURONEXT - EURONEXT PARIS
SANOMA,NASDAQ HELSINKI LTD
BWLPG,OSLO BORS ASA
TUPRS.E,BORSA ISTANBUL - EQUITY MARKET
VALMT,NASDAQ HELSINKI LTD
VAIAS,NASDAQ HELSINKI LTD
VID,BOLSA DE MADRID
PNDORA,NASDAQ COPENHAGEN A/S
TEP,LONDON STOCK EXCHANGE
WALL B,NASDAQ STOCKHOLM AB
AERO,SIX SWISS EXCHANGE
ARION,NASDAQ ICELAND HF.
ANDR,WIENER BOERSE AG AMTLICHER HANDEL (OFFICIAL MARKET)
DEQ,XETRA
TKA,WIENER BOERSE AG AMTLICHER HANDEL (OFFICIAL MARKET)
ANTIN,EURONEXT - EURONEXT PARIS
NZYM B,NASDAQ COPENHAGEN A/S
HWDN,LONDON STOCK EXCHANGE
FEVR,LONDON STOCK EXCHANGE
APPS,BOLSA DE MADRID
AMUN,EURONEXT - EURONEXT PARIS
SAP,XETRA
SCATC,OSLO BORS ASA
NDX1,XETRA
AZN,LONDON STOCK EXCHANGE
CLNX,BOLSA DE MADRID
ITX,BOLSA DE MADRID
AMP,ELECTRONIC SHARE MARKET
ZAL,XETRA
AMS,SIX SWISS EXCHANGE
VITR,NASDAQ STOCKHOLM AB
CRE,LONDON STOCK EXCHANGE
MOH,ATHENS EXCHANGE S.A. CASH MARKET
HEM,NASDAQ STOCKHOLM AB
TPEIR,ATHENS EXCHANGE S.A. CASH MARKET
GAMA,LONDON STOCK EXCHANGE
KPN,EURONEXT - EURONEXT AMSTERDAM
AGS,EURONEXT - EURONEXT BRUSSELS
CDR,WARSAW STOCK EXCHANGE/EQUITIES/MAIN MARKET
SYAB,XETRA
WKP,LONDON STOCK EXCHANGE
PPC,ATHENS EXCHANGE S.A. CASH MARKET
AWE,LONDON STOCK EXCHANGE
UMG,EURONEXT - EURONEXT AMSTERDAM
AENA,BOLSA DE MADRID
KBX,XETRA
ING,WARSAW STOCK EXCHANGE/EQUITIES/MAIN MARKET
INW,ELECTRONIC SHARE MARKET
TROAX,NASDAQ STOCKHOLM AB
SWON,SIX SWISS EXCHANGE
BRBY,LONDON STOCK EXCHANGE
SHA,XETRA
EPR,OSLO BORS ASA
IMCD,EURONEXT - EURONEXT AMSTERDAM
HLN,LONDON STOCK EXCHANGE
DB1,XETRA
G24,XETRA
MAB,LONDON STOCK EXCHANGE
IHG,LONDON STOCK EXCHANGE
ACLN,SIX SWISS EXCHANGE
MRO,LONDON STOCK EXCHANGE
GRNG,NASDAQ STOCKHOLM AB
SCT,LONDON STOCK EXCHANGE
ASCL,LONDON STOCK EXCHANGE
GALP,OPERADOR DE MERCADO IBERICO DE ENERGIA - PORTUGAL
COP,XETRA
PLX,EURONEXT - EURONEXT PARIS
QTCOM,NASDAQ HELSINKI LTD
BRE,ELECTRONIC SHARE MARKET
HSX,LONDON STOCK EXCHANGE
OTKAR.E,BORSA ISTANBUL - EQUITY MARKET
YAR,OSLO BORS ASA
ELI,EURONEXT - EURONEXT BRUSSELS
BGN,ELECTRONIC SHARE MARKET
ROCK B,NASDAQ COPENHAGEN A/S
KTY,WARSAW STOCK EXCHANGE/EQUITIES/MAIN MARKET
RMV,LONDON STOCK EXCHANGE
BVI,EURONEXT - EURONEXT PARIS
PGSUS.E,BORSA ISTANBUL - EQUITY MARKET
SOBI,NASDAQ STOCKHOLM AB
LXS,XETRA
UQA,WIENER BOERSE AG AMTLICHER HANDEL (OFFICIAL MARKET)
LNZ,WIENER BOERSE AG AMTLICHER HANDEL (OFFICIAL MARKET)
WIE,WIENER BOERSE AG AMTLICHER HANDEL (OFFICIAL MARKET)
LIGHT,EURONEXT - EURONEXT AMSTERDAM
UMI,EURONEXT - EURONEXT BRUSSELS
ACKB,EURONEXT - EURONEXT BRUSSELS
GBLB,EURONEXT - EURONEXT BRUSSELS
TESB,EURONEXT - EURONEXT BRUSSELS
TTALO,NASDAQ HELSINKI LTD
PHP,LONDON STOCK EXCHANGE
BEI,XETRA
MBG,XETRA
COPN,SIX SWISS EXCHANGE
FRE,XETRA
RHM,XETRA
TEG,XETRA
BKT,BOLSA DE MADRID
NTGY,BOLSA DE MADRID
CAF,BOLSA DE MADRID
ENO,BOLSA DE MADRID
PSG,BOLSA DE MADRID
AC,EURONEXT - EURONEXT PARIS
SAF,EURONEXT - EURONEXT PARIS
BB,EURONEXT - EURONEXT PARIS
BN,EURONEXT - EURONEXT PARIS
CAP,EURONEXT - EURONEXT PARIS
VIV,EURONEXT - EURONEXT PARIS
GLE,EURONEXT - EURONEXT PARIS
RUI,EURONEXT - EURONEXT PARIS
LR,EURONEXT - EURONEXT PARIS
UN0,XETRA
TEP,EURONEXT - EURONEXT PARIS
SU,EURONEXT - EURONEXT PARIS
TTE,EURONEXT - EURONEXT PARIS
ABF,LONDON STOCK EXCHANGE
GL9,IRISH STOCK EXCHANGE - ALL MARKET
BDEV,LONDON STOCK EXCHANGE
BKG,LONDON STOCK EXCHANGE
BP.,LONDON STOCK EXCHANGE
GRI,LONDON STOCK EXCHANGE
GPE,LONDON STOCK EXCHANGE
MTO,LONDON STOCK EXCHANGE
MEL,BOLSA DE MADRID
IMI,LONDON STOCK EXCHANGE
PAGE,LONDON STOCK EXCHANGE
CEC,XETRA
VOD,LONDON STOCK EXCHANGE
RSW,LONDON STOCK EXCHANGE
CEZ,PRAGUE STOCK EXCHANGE
SGE,LONDON STOCK EXCHANGE
SBRY,LONDON STOCK EXCHANGE
MERY,EURONEXT - EURONEXT PARIS
SGRO,LONDON STOCK EXCHANGE
SMDS,LONDON STOCK EXCHANGE
CTEC,LONDON STOCK EXCHANGE
IAG,LONDON STOCK EXCHANGE
WEIR,LONDON STOCK EXCHANGE
BCVN,SIX SWISS EXCHANGE
FORN,SIX SWISS EXCHANGE
ISN,SIX SWISS EXCHANGE
VATN,SIX SWISS EXCHANGE
LLBN,SIX SWISS EXCHANGE
SLHN,SIX SWISS EXCHANGE
UHR,SIX SWISS EXCHANGE
NLBR,LJUBLJANA STOCK EXCHANGE (OFFICIAL MARKET)
GXI,XETRA
BORR,OSLO BORS ASA
LXI,LONDON STOCK EXCHANGE
SCF,ELECTRONIC SHARE MARKET
PROX,EURONEXT - EURONEXT BRUSSELS
GLEN,LONDON STOCK EXCHANGE
DOM,NASDAQ STOCKHOLM AB
PGE,WARSAW STOCK EXCHANGE/EQUITIES/MAIN MARKET
CNA,LONDON STOCK EXCHANGE
S92,XETRA
ALMB,NASDAQ COPENHAGEN A/S
DANSKE,NASDAQ COPENHAGEN A/S
INRN,SIX SWISS EXCHANGE
RBREW,NASDAQ COPENHAGEN A/S
SBMO,EURONEXT - EURONEXT AMSTERDAM
NIBE B,NASDAQ STOCKHOLM AB
KINV B,NASDAQ STOCKHOLM AB
INGA,EURONEXT - EURONEXT AMSTERDAM
AXFO,NASDAQ STOCKHOLM AB
DOM,WARSAW STOCK EXCHANGE/EQUITIES/MAIN MARKET
ELK,OSLO BORS ASA
ODF,OSLO BORS ASA
SAHOL.E,BORSA ISTANBUL - EQUITY MARKET
BZU,ELECTRONIC SHARE MARKET
UNI,ELECTRONIC SHARE MARKET
ENOG,LONDON STOCK EXCHANGE
SCA B,NASDAQ STOCKHOLM AB
HOLM B,NASDAQ STOCKHOLM AB
CAMX,NASDAQ STOCKHOLM AB
HM B,NASDAQ STOCKHOLM AB
JM,NASDAQ STOCKHOLM AB
BIOA B,NASDAQ STOCKHOLM AB
A5G,IRISH STOCK EXCHANGE - ALL MARKET
VTY,LONDON STOCK EXCHANGE
DMP,XETRA
NDA FI,NASDAQ HELSINKI LTD
CCH,LONDON STOCK EXCHANGE
TRI,EURONEXT - EURONEXT PARIS
ALFEN,EURONEXT - EURONEXT AMSTERDAM
UTDI,XETRA
ZV,ELECTRONIC SHARE MARKET
GEST,BOLSA DE MADRID
FDR,BOLSA DE MADRID
TKWY,EURONEXT - EURONEXT AMSTERDAM
KOG,OSLO BORS ASA
BARN,SIX SWISS EXCHANGE
EKTA B,NASDAQ STOCKHOLM AB
HBR,LONDON STOCK EXCHANGE
AKRBP,OSLO BORS ASA
SNI,OSLO BORS ASA
OPL,WARSAW STOCK EXCHANGE/EQUITIES/MAIN MARKET
AML,LONDON STOCK EXCHANGE
PNE3,XETRA
FORTUM,NASDAQ HELSINKI LTD
LMP,LONDON STOCK EXCHANGE
BRG,OSLO BORS ASA
ANTO,LONDON STOCK EXCHANGE
SAN,EURONEXT - EURONEXT PARIS
BILI A,NASDAQ STOCKHOLM AB
JET2,LONDON STOCK EXCHANGE
WDP,EURONEXT - EURONEXT BRUSSELS
ENKAI.E,BORSA ISTANBUL - EQUITY MARKET
AEFES.E,BORSA ISTANBUL - EQUITY MARKET
HAFNI,OSLO BORS ASA
EMG,LONDON STOCK EXCHANGE
PEUG,EURONEXT - EURONEXT PARIS
ENGI,EURONEXT - EURONEXT PARIS
COK,XETRA
EVT,XETRA
8TRA,XETRA
EDPR,OPERADOR DE MERCADO IBERICO DE ENERGIA - PORTUGAL
NOS,OPERADOR DE MERCADO IBERICO DE ENERGIA - PORTUGAL
NFG,LONDON STOCK EXCHANGE
WAVE,EURONEXT - EURONEXT PARIS
ABDN,LONDON STOCK EXCHANGE
AGHOL.E,BORSA ISTANBUL - EQUITY MARKET
ALLN,SIX SWISS EXCHANGE
ACS,BOLSA DE MADRID
COFA,EURONEXT - EURONEXT PARIS
GLJ,XETRA
IDS,LONDON STOCK EXCHANGE
EKT,XETRA
TMV,XETRA
SOP,EURONEXT - EURONEXT PARIS
GIVN,SIX SWISS EXCHANGE
BNP,WARSAW STOCK EXCHANGE/EQUITIES/MAIN MARKET
SISE.E,BORSA ISTANBUL - EQUITY MARKET
VOE,WIENER BOERSE AG AMTLICHER HANDEL (OFFICIAL MARKET)
EDP,OPERADOR DE MERCADO IBERICO DE ENERGIA - PORTUGAL
ICOS,ELECTRONIC SHARE MARKET
IIA,WIENER BOERSE AG AMTLICHER HANDEL (OFFICIAL MARKET)
THULE,NASDAQ STOCKHOLM AB
CRL,ELECTRONIC SHARE MARKET
ICP,LONDON STOCK EXCHANGE
ISB,NASDAQ ICELAND HF.
OSB,LONDON STOCK EXCHANGE
HYQ,XETRA
ENEL,ELECTRONIC SHARE MARKET
KTN,XETRA
IRE,ELECTRONIC SHARE MARKET
BRD,SPOT REGULATED MARKET - BVB
CTPNV,EURONEXT - EURONEXT AMSTERDAM
VTSC,XETRA
BME,LONDON STOCK EXCHANGE
FBK,ELECTRONIC SHARE MARKET
AKSO,OSLO BORS ASA
OPAP,ATHENS EXCHANGE S.A. CASH MARKET
ADP,EURONEXT - EURONEXT PARIS
ALPHA,ATHENS EXCHANGE S.A. CASH MARKET
ETE,ATHENS EXCHANGE S.A. CASH MARKET
BILL,NASDAQ STOCKHOLM AB
MING,OSLO BORS ASA
ROO,LONDON STOCK EXCHANGE
ORP,EURONEXT - EURONEXT PARIS
PHLL,LONDON STOCK EXCHANGE
ALFA,NASDAQ STOCKHOLM AB
EVO,NASDAQ STOCKHOLM AB
WG.,LONDON STOCK EXCHANGE
IVG,ELECTRONIC SHARE MARKET
SHC,LONDON STOCK EXCHANGE
FDJ,EURONEXT - EURONEXT PARIS
NCH2,XETRA
VEON,EURONEXT - EURONEXT AMSTERDAM
ATRLJ B,NASDAQ STOCKHOLM AB
III,LONDON STOCK EXCHANGE
KNOS,LONDON STOCK EXCHANGE
PDX,FIRST NORTH SWEDEN - SME GROWTH MARKET
SVEG,OSLO BORS ASA
LIAB,NASDAQ STOCKHOLM AB
DSFIR,EURONEXT - EURONEXT AMSTERDAM
SYENS,EURONEXT - EURONEXT BRUSSELS
TYRES,NASDAQ HELSINKI LTD
SAX,XETRA
ALIF B,NASDAQ STOCKHOLM AB
TOKMAN,NASDAQ HELSINKI LTD
BEZ,LONDON STOCK EXCHANGE
CLN,SIX SWISS EXCHANGE
ULKER.E,BORSA ISTANBUL - EQUITY MARKET
EGL,OPERADOR DE MERCADO IBERICO DE ENERGIA - PORTUGAL
CCC,LONDON STOCK EXCHANGE
BESI,EURONEXT - EURONEXT AMSTERDAM
PFD,LONDON STOCK EXCHANGE
LOUP,EURONEXT - EURONEXT PARIS
VCT,LONDON STOCK EXCHANGE
SHEL,LONDON STOCK EXCHANGE
EURN,EURONEXT - EURONEXT BRUSSELS
FEES,MOSCOW EXCHANGE - ALL MARKETS
SENS,SIX SWISS EXCHANGE
SFSN,SIX SWISS EXCHANGE
HL.,LONDON STOCK EXCHANGE
TTKOM.E,BORSA ISTANBUL - EQUITY MARKET
SNG,SPOT REGULATED MARKET - BVB
QQ.,LONDON STOCK EXCHANGE
ENA,WARSAW STOCK EXCHANGE/EQUITIES/MAIN MARKET
VLK,EURONEXT - EURONEXT AMSTERDAM
METSO,NASDAQ HELSINKI LTD
WIHL,NASDAQ STOCKHOLM AB
ONT,LONDON STOCK EXCHANGE
CAI,WIENER BOERSE AG AMTLICHER HANDEL (OFFICIAL MARKET)
BAR,EURONEXT - EURONEXT BRUSSELS
BAYN,XETRA
IREN,SIX SWISS EXCHANGE
HEI,XETRA
SZG,XETRA
DTE,XETRA
SZU,XETRA
SAN,BOLSA DE MADRID
NHH,BOLSA DE MADRID
TEF,BOLSA DE MADRID
VIS,BOLSA DE MADRID
CA,EURONEXT - EURONEXT PARIS
CS,EURONEXT - EURONEXT PARIS
DEME,EURONEXT - EURONEXT BRUSSELS
HO,EURONEXT - EURONEXT PARIS
RXL,EURONEXT - EURONEXT PARIS
UPM,NASDAQ HELSINKI LTD
BHW,WARSAW STOCK EXCHANGE/EQUITIES/MAIN MARKET
ICAD,EURONEXT - EURONEXT PARIS
FRVIA,EURONEXT - EURONEXT PARIS
MPARK.E,BORSA ISTANBUL - EQUITY MARKET
DG,EURONEXT - EURONEXT PARIS
MAU,EURONEXT - EURONEXT PARIS
RI,EURONEXT - EURONEXT PARIS
RNO,EURONEXT - EURONEXT PARIS
SK,EURONEXT - EURONEXT PARIS
SW,EURONEXT - EURONEXT PARIS
ALTA,EURONEXT - EURONEXT PARIS
TFI,EURONEXT - EURONEXT PARIS
BA.,LONDON STOCK EXCHANGE
BLND,LONDON STOCK EXCHANGE
CWK,LONDON STOCK EXCHANGE
DLN,LONDON STOCK EXCHANGE
GSK,LONDON STOCK EXCHANGE
JHD,LONDON STOCK EXCHANGE
HMSO,LONDON STOCK EXCHANGE
JMAT,LONDON STOCK EXCHANGE
EFGN,SIX SWISS EXCHANGE
KRX,IRISH STOCK EXCHANGE - ALL MARKET
LAND,LONDON STOCK EXCHANGE
LISN,SIX SWISS EXCHANGE
UU.,LONDON STOCK EXCHANGE
PSON,LONDON STOCK EXCHANGE
PSN,LONDON STOCK EXCHANGE
PIRC,ELECTRONIC SHARE MARKET
REL,LONDON STOCK EXCHANGE
RTO,LONDON STOCK EXCHANGE
RIO,LONDON STOCK EXCHANGE
NOVN,SIX SWISS EXCHANGE
SRP,LONDON STOCK EXCHANGE
SN.,LONDON STOCK EXCHANGE
TRYG,NASDAQ COPENHAGEN A/S
POST,WIENER BOERSE AG AMTLICHER HANDEL (OFFICIAL MARKET)
SPX,LONDON STOCK EXCHANGE
ULVR,LONDON STOCK EXCHANGE
BALN,SIX SWISS EXCHANGE
ZURN,SIX SWISS EXCHANGE
NESN,SIX SWISS EXCHANGE
ROG,SIX SWISS EXCHANGE
CFR,SIX SWISS EXCHANGE
CFT,SIX SWISS EXCHANGE
SGSN,SIX SWISS EXCHANGE
FME,XETRA
LEHN,SIX SWISS EXCHANGE
LOGN,SIX SWISS EXCHANGE
SCHP,SIX SWISS EXCHANGE
SFZN,SIX SWISS EXCHANGE
SIKA,SIX SWISS EXCHANGE
ENT,LONDON STOCK EXCHANGE
SKAN,SIX SWISS EXCHANGE
IG,ELECTRONIC SHARE MARKET
DOM,LONDON STOCK EXCHANGE
APAM,EURONEXT - EURONEXT AMSTERDAM
SREN,SIX SWISS EXCHANGE
ALD,EURONEXT - EURONEXT PARIS
PGHN,SIX SWISS EXCHANGE
CATE,NASDAQ STOCKHOLM AB
WCH,XETRA
VLTSA,EURONEXT - EURONEXT PARIS
SPOL,OSLO BORS ASA
MCOV B,NASDAQ STOCKHOLM AB
MVC,BOLSA DE MADRID
TELIA,NASDAQ STOCKHOLM AB
DIA,ELECTRONIC SHARE MARKET
CAST,NASDAQ STOCKHOLM AB
COLO B,NASDAQ COPENHAGEN A/S
GRP,IRISH STOCK EXCHANGE - ALL MARKET
SMS,LONDON STOCK EXCHANGE
GN,NASDAQ COPENHAGEN A/S
FLS,NASDAQ COPENHAGEN A/S
VPK,EURONEXT - EURONEXT AMSTERDAM
WKL,EURONEXT - EURONEXT AMSTERDAM
BETS B,NASDAQ STOCKHOLM AB
MOWI,OSLO BORS ASA
AKER,OSLO BORS ASA
ATEA,OSLO BORS ASA
ORK,OSLO BORS ASA
ISP,ELECTRONIC SHARE MARKET
UCG,ELECTRONIC SHARE MARKET
US,ELECTRONIC SHARE MARKET
LATO B,NASDAQ STOCKHOLM AB
SHB A,NASDAQ STOCKHOLM AB
SAMPO,NASDAQ HELSINKI LTD
CHEMM,NASDAQ COPENHAGEN A/S
RHIM,LONDON STOCK EXCHANGE
AIXA,XETRA
MTELEKOM,BUDAPEST STOCK EXCHANGE
TAVHL.E,BORSA ISTANBUL - EQUITY MARKET
JTC,LONDON STOCK EXCHANGE
CCOLA.E,BORSA ISTANBUL - EQUITY MARKET
SAFE,LONDON STOCK EXCHANGE
1U1,XETRA
DWS,XETRA
ARG,EURONEXT - EURONEXT PARIS
ENJSA.E,BORSA ISTANBUL - EQUITY MARKET
NYF,NASDAQ STOCKHOLM AB
SLR,BOLSA DE MADRID
KRDMD.E,BORSA ISTANBUL - EQUITY MARKET
NDA,XETRA
VNA,XETRA
SESG,EURONEXT - EURONEXT PARIS
DOC,WIENER BOERSE AG AMTLICHER HANDEL (OFFICIAL MARKET)
MONY,LONDON STOCK EXCHANGE
SOL,ELECTRONIC SHARE MARKET
ECV,XETRA
BEAN,SIX SWISS EXCHANGE
KSB,XETRA
NN,EURONEXT - EURONEXT AMSTERDAM
NP3,NASDAQ STOCKHOLM AB
CABK,BOLSA DE MADRID
ATE,EURONEXT - EURONEXT PARIS
EVK,XETRA
SIGN,SIX SWISS EXCHANGE
KGX,XETRA
TENERGY,ATHENS EXCHANGE S.A. CASH MARKET
AKSA.E,BORSA ISTANBUL - EQUITY MARKET
ALARK.E,BORSA ISTANBUL - EQUITY MARKET
BCP,OPERADOR DE MERCADO IBERICO DE ENERGIA - PORTUGAL
UTG,LONDON STOCK EXCHANGE
PAL,WIENER BOERSE AG AMTLICHER HANDEL (OFFICIAL MARKET)
VSVS,LONDON STOCK EXCHANGE
CIMSA.E,BORSA ISTANBUL - EQUITY MARKET
ENI,ELECTRONIC SHARE MARKET
EREGL.E,BORSA ISTANBUL - EQUITY MARKET
EBS,WIENER BOERSE AG AMTLICHER HANDEL (OFFICIAL MARKET)
ADE,OSLO BORS ASA
GFTU,LONDON STOCK EXCHANGE
ALE,WARSAW STOCK EXCHANGE/EQUITIES/MAIN MARKET
VIE,EURONEXT - EURONEXT PARIS
LONN,SIX SWISS EXCHANGE
37773,XETRA
FRES,LONDON STOCK EXCHANGE
WRT1V,NASDAQ HELSINKI LTD
KWS,LONDON STOCK EXCHANGE
PLUS,LONDON STOCK EXCHANGE
EPRO B,NASDAQ STOCKHOLM AB
TKO,EURONEXT - EURONEXT PARIS
PETKM.E,BORSA ISTANBUL - EQUITY MARKET
VAKBN.E,BORSA ISTANBUL - EQUITY MARKET
SECU B,NASDAQ STOCKHOLM AB
BYG,LONDON STOCK EXCHANGE
BEIJ B,NASDAQ STOCKHOLM AB
SPNO,NASDAQ COPENHAGEN A/S
HTWS,LONDON STOCK EXCHANGE
EQNR,OSLO BORS ASA
SQN,SIX SWISS EXCHANGE
CEM,ELECTRONIC SHARE MARKET
BFSA,XETRA
THYAO.E,BORSA ISTANBUL - EQUITY MARKET
DATA,LONDON STOCK EXCHANGE
COR,OPERADOR DE MERCADO IBERICO DE ENERGIA - PORTUGAL
GNS,LONDON STOCK EXCHANGE
ENTRA,OSLO BORS ASA
AMBU B,NASDAQ COPENHAGEN A/S
JDEP,EURONEXT - EURONEXT AMSTERDAM
DHL,XETRA
FHZN,SIX SWISS EXCHANGE
TCAP,LONDON STOCK EXCHANGE
REY,ELECTRONIC SHARE MARKET
SCHA,OSLO BORS ASA
MRL,BOLSA DE MADRID
AZA,NASDAQ STOCKHOLM AB
CADLR,OSLO BORS ASA
CPR,ELECTRONIC SHARE MARKET
TPRO,ELECTRONIC SHARE MARKET
QLT,LONDON STOCK EXCHANGE
BG,WIENER BOERSE AG AMTLICHER HANDEL (OFFICIAL MARKET)
EVD,XETRA
SOI,EURONEXT - EURONEXT PARIS
LOG,BOLSA DE MADRID
GETI B,NASDAQ STOCKHOLM AB
KBCA,EURONEXT - EURONEXT BRUSSELS
SUBC,OSLO BORS ASA
EMMN,SIX SWISS EXCHANGE
ADDT B,NASDAQ STOCKHOLM AB
LAGR B,NASDAQ STOCKHOLM AB
ARGX,EURONEXT - EURONEXT BRUSSELS
INF,LONDON STOCK EXCHANGE
SRG,ELECTRONIC SHARE MARKET
BMPS,ELECTRONIC SHARE MARKET
BUR,LONDON STOCK EXCHANGE
YUBICO,FIRST NORTH SWEDEN - SME GROWTH MARKET
PCO,WARSAW STOCK EXCHANGE/EQUITIES/MAIN MARKET
ORSTED,NASDAQ COPENHAGEN A/S
ARCAD,EURONEXT - EURONEXT AMSTERDAM
AGR,LONDON STOCK EXCHANGE
VIMIAN,FIRST NORTH SWEDEN - SME GROWTH MARKET
MBK,WARSAW STOCK EXCHANGE/EQUITIES/MAIN MARKET
ITP,EURONEXT - EURONEXT PARIS
ABN,EURONEXT - EURONEXT AMSTERDAM
MMK,WIENER BOERSE AG AMTLICHER HANDEL (OFFICIAL MARKET)
KNIN,SIX SWISS EXCHANGE
DTG,XETRA
PROT,OSLO BORS ASA
KEDA,SIX SWISS EXCHANGE
IHP,LONDON STOCK EXCHANGE
OTP,BUDAPEST STOCK EXCHANGE
AUTO,OSLO BORS ASA
LSEG,LONDON STOCK EXCHANGE
THG,LONDON STOCK EXCHANGE
DIM,EURONEXT - EURONEXT PARIS
VIG,WIENER BOERSE AG AMTLICHER HANDEL (OFFICIAL MARKET)
1COV,XETRA
KOMB,PRAGUE STOCK EXCHANGE
COFB,EURONEXT - EURONEXT BRUSSELS
1SXP,XETRA
HER,ELECTRONIC SHARE MARKET
XIOR,EURONEXT - EURONEXT BRUSSELS
FTK,XETRA
HLE,XETRA
VACN,SIX SWISS EXCHANGE
TRMD A,NASDAQ COPENHAGEN A/S
SNGS,MOSCOW EXCHANGE - ALL MARKETS
SEM,OPERADOR DE MERCADO IBERICO DE ENERGIA - PORTUGAL
TRN,ELECTRONIC SHARE MARKET
MRK,XETRA
DOAS.E,BORSA ISTANBUL - EQUITY MARKET
BIM,EURONEXT - EURONEXT PARIS
GRF,BOLSA DE MADRID
NG.,LONDON STOCK EXCHANGE
CGCBV,NASDAQ HELSINKI LTD
AKE,EURONEXT - EURONEXT PARIS
BRKN,SIX SWISS EXCHANGE
PZU,WARSAW STOCK EXCHANGE/EQUITIES/MAIN MARKET
KOJAMO,NASDAQ HELSINKI LTD
LDA,BOLSA DE MADRID
VETO,EURONEXT - EURONEXT PARIS
ZEAL,NASDAQ COPENHAGEN A/S
SFER,ELECTRONIC SHARE MARKET
RENE,OPERADOR DE MERCADO IBERICO DE ENERGIA - PORTUGAL
AEGN,ATHENS EXCHANGE S.A. CASH MARKET
BFF,ELECTRONIC SHARE MARKET
PIA,ELECTRONIC SHARE MARKET
TOM2,EURONEXT - EURONEXT AMSTERDAM
DESN,SIX SWISS EXCHANGE
AAK,NASDAQ STOCKHOLM AB
KNEBV,NASDAQ HELSINKI LTD
