Ticker,Exchange,Full ticker
BEKB,EURONEXT - EURONEXT BRUSSELS,BEKB
COLR,EURONEXT - EURONEXT BRUSSELS,COLR
PHIA,EURONEXT - EURONEXT AMSTERDAM,PHIA
BAS,XETRA,BAS.DE
BIMAS.E,BORSA ISTANBUL - EQUITY MARKET,BIMAS.E
BOSS,XETRA,BOSS.DE
DUE,XETRA,DUE.DE
HLAG,XETRA,HLAG.DE
HEN3,XETRA,HEN3.DE
RUSTA,NASDAQ STOCKHOLM AB,RUSTA
PUM,XETRA,PUM.DE
SIE,XETRA,SIE.DE
WUW,XETRA,WUW.DE
ACX,BOLSA DE MADRID,ACX
EBRO,BOLSA DE MADRID,EBRO
BNP,EURONEXT - EURONEXT PARIS,BNP
EN,EURONEXT - EURONEXT PARIS,EN
ENR,XETRA,ENR.DE
SCR,EURONEXT - EURONEXT PARIS,SCR
VCT,EURONEXT - EURONEXT PARIS,VCT
EL,EURONEXT - EURONEXT PARIS,EL
RF,EURONEXT - EURONEXT PARIS,RF
FLY,EURONEXT - EURONEXT PARIS,FLY
COV,EURONEXT - EURONEXT PARIS,COV
FII,EURONEXT - EURONEXT PARIS,FII
NK,EURONEXT - EURONEXT PARIS,NK
MC,EURONEXT - EURONEXT PARIS,MC
ML,EURONEXT - EURONEXT PARIS,ML
POM,EURONEXT - EURONEXT PARIS,POM
KER,EURONEXT - EURONEXT PARIS,KER
PUB,EURONEXT - EURONEXT PARIS,PUB
RBT,EURONEXT - EURONEXT PARIS,RBT
VIRP,EURONEXT - EURONEXT PARIS,VIRP
BAB,LONDON STOCK EXCHANGE,BAB
XTB,WARSAW STOCK EXCHANGE/EQUITIES/MAIN MARKET,XTB
BATS,LONDON STOCK EXCHANGE,BATS
BOY,LONDON STOCK EXCHANGE,BOY
BNZL,LONDON STOCK EXCHANGE,BNZL
CKN,LONDON STOCK EXCHANGE,CKN
DPLM,LONDON STOCK EXCHANGE,DPLM
HLMA,LONDON STOCK EXCHANGE,HLMA
ELM,LONDON STOCK EXCHANGE,ELM
HAS,LONDON STOCK EXCHANGE,HAS
RDC,XETRA,RDC.DE
HILS,LONDON STOCK EXCHANGE,HILS
HSBA,LONDON STOCK EXCHANGE,HSBA
KRZ,IRISH STOCK EXCHANGE - ALL MARKET,KRZ
SDR,LONDON STOCK EXCHANGE,SDR
SVT,LONDON STOCK EXCHANGE,SVT
SMIN,LONDON STOCK EXCHANGE,SMIN
STAN,LONDON STOCK EXCHANGE,STAN
TPK,LONDON STOCK EXCHANGE,TPK
WTB,LONDON STOCK EXCHANGE,WTB
OERL,SIX SWISS EXCHANGE,OERL
DAE,SIX SWISS EXCHANGE,DAE
EMSN,SIX SWISS EXCHANGE,EMSN
GF,SIX SWISS EXCHANGE,GF
HOLN,SIX SWISS EXCHANGE,HOLN
KARN,SIX SWISS EXCHANGE,KARN
IMB,LONDON STOCK EXCHANGE,IMB
DRX,LONDON STOCK EXCHANGE,DRX
TECN,SIX SWISS EXCHANGE,TECN
VONN,SIX SWISS EXCHANGE,VONN
LRE,LONDON STOCK EXCHANGE,LRE
MONC,ELECTRONIC SHARE MARKET,MONC
NEXI,ELECTRONIC SHARE MARKET,NEXI
VU,EURONEXT - EURONEXT PARIS,VU
TEL,OSLO BORS ASA,TEL
ISS,NASDAQ COPENHAGEN A/S,ISS
GALE,SIX SWISS EXCHANGE,GALE
GEN,LONDON STOCK EXCHANGE,GEN
NKT,NASDAQ COPENHAGEN A/S,NKT
DNORD,NASDAQ COPENHAGEN A/S,DNORD
SYDB,NASDAQ COPENHAGEN A/S,SYDB
TOP,NASDAQ COPENHAGEN A/S,TOP
AD,EURONEXT - EURONEXT AMSTERDAM,AD
AKZA,EURONEXT - EURONEXT AMSTERDAM,AKZA
HEIA,EURONEXT - EURONEXT AMSTERDAM,HEIA
SES,ELECTRONIC SHARE MARKET,SES
BONEX,NASDAQ STOCKHOLM AB,BONEX
SOKM.E,BORSA ISTANBUL - EQUITY MARKET,SOKM.E
BELA,ATHENS EXCHANGE S.A. CASH MARKET,BELA
ASHM,LONDON STOCK EXCHANGE,ASHM
IOS,XETRA,IOS.DE
NHY,OSLO BORS ASA,NHY
STB,OSLO BORS ASA,STB
OLT,OSLO BORS ASA,OLT
TOM,OSLO BORS ASA,TOM
PNDX B,NASDAQ STOCKHOLM AB,PNDX B
G,ELECTRONIC SHARE MARKET,G
ITM,ELECTRONIC SHARE MARKET,ITM
TIT,ELECTRONIC SHARE MARKET,TIT
AED,EURONEXT - EURONEXT BRUSSELS,AED
SEB A,NASDAQ STOCKHOLM AB,SEB A
SKA B,NASDAQ STOCKHOLM AB,SKA B
SKF B,NASDAQ STOCKHOLM AB,SKF B
TREL B,NASDAQ STOCKHOLM AB,TREL B
KESKOB,NASDAQ HELSINKI LTD,KESKOB
OUT1V,NASDAQ HELSINKI LTD,OUT1V
NOKIA,NASDAQ HELSINKI LTD,NOKIA
777,XETRA,777.DE
TIETO,NASDAQ HELSINKI LTD,TIETO
PKO,WARSAW STOCK EXCHANGE/EQUITIES/MAIN MARKET,PKO
SL,ELECTRONIC SHARE MARKET,SL
MELE,EURONEXT - EURONEXT BRUSSELS,MELE
ELISA,NASDAQ HELSINKI LTD,ELISA
NEWA B,NASDAQ STOCKHOLM AB,NEWA B
WLN,EURONEXT - EURONEXT PARIS,WLN
FRAS,LONDON STOCK EXCHANGE,FRAS
NVG,OPERADOR DE MERCADO IBERICO DE ENERGIA - PORTUGAL,NVG
SHL,XETRA,SHL.DE
PRY,ELECTRONIC SHARE MARKET,PRY
TPE,WARSAW STOCK EXCHANGE/EQUITIES/MAIN MARKET,TPE
ALM,BOLSA DE MADRID,ALM
MNDI,LONDON STOCK EXCHANGE,MNDI
FAGR,EURONEXT - EURONEXT BRUSSELS,FAGR
NETC,NASDAQ COPENHAGEN A/S,NETC
HPOL B,NASDAQ STOCKHOLM AB,HPOL B
YCA,LONDON STOCK EXCHANGE,YCA
GAW,LONDON STOCK EXCHANGE,GAW
ERF,EURONEXT - EURONEXT PARIS,ERF
MAIRE,ELECTRONIC SHARE MARKET,MAIRE
SWEC B,NASDAQ STOCKHOLM AB,SWEC B
DHER,XETRA,DHER.DE
RKT,LONDON STOCK EXCHANGE,RKT
GYC,XETRA,GYC.DE
BAVA,NASDAQ COPENHAGEN A/S,BAVA
HMS,NASDAQ STOCKHOLM AB,HMS
TFF,EURONEXT - EURONEXT PARIS,TFF
MVV1,XETRA,MVV1.DE
TITC,EURONEXT - EURONEXT BRUSSELS,TITC
O2D,XETRA,O2D.DE
PKTM,SIX SWISS EXCHANGE,PKTM
ANOD B,NASDAQ STOCKHOLM AB,ANOD B
BPE,ELECTRONIC SHARE MARKET,BPE
GCO,BOLSA DE MADRID,GCO
VIT B,NASDAQ STOCKHOLM AB,VIT B
MNG,LONDON STOCK EXCHANGE,MNG
AEVS,SIX SWISS EXCHANGE,AEVS
DSV,NASDAQ COPENHAGEN A/S,DSV
HEXA B,NASDAQ STOCKHOLM AB,HEXA B
OCI,EURONEXT - EURONEXT AMSTERDAM,OCI
OVH,EURONEXT - EURONEXT PARIS,OVH
BANB,SIX SWISS EXCHANGE,BANB
NETW,LONDON STOCK EXCHANGE,NETW
BRAV,NASDAQ STOCKHOLM AB,BRAV
MGROS.E,BORSA ISTANBUL - EQUITY MARKET,MGROS.E
TRIG,LONDON STOCK EXCHANGE,TRIG
ARYN,SIX SWISS EXCHANGE,ARYN
NOLA B,NASDAQ STOCKHOLM AB,NOLA B
SSE,LONDON STOCK EXCHANGE,SSE
RAND,EURONEXT - EURONEXT AMSTERDAM,RAND
SPSN,SIX SWISS EXCHANGE,SPSN
ECMPA,EURONEXT - EURONEXT AMSTERDAM,ECMPA
SSAB A,NASDAQ STOCKHOLM AB,SSAB A
JUST,LONDON STOCK EXCHANGE,JUST
BBOX,LONDON STOCK EXCHANGE,BBOX
YACHT,ELECTRONIC SHARE MARKET,YACHT
TOASO.E,BORSA ISTANBUL - EQUITY MARKET,TOASO.E
GARAN.E,BORSA ISTANBUL - EQUITY MARKET,GARAN.E
BIOT,NASDAQ STOCKHOLM AB,BIOT
NXU,XETRA,NXU.DE
FABG,NASDAQ STOCKHOLM AB,FABG
PST,ELECTRONIC SHARE MARKET,PST
LTMC,ELECTRONIC SHARE MARKET,LTMC
BPSO,ELECTRONIC SHARE MARKET,BPSO
VESTL.E,BORSA ISTANBUL - EQUITY MARKET,VESTL.E
RICHTER,BUDAPEST STOCK EXCHANGE,RICHTER
LOOMIS,NASDAQ STOCKHOLM AB,LOOMIS
P911,XETRA,P911.DE
TXGN,SIX SWISS EXCHANGE,TXGN
TOD,ELECTRONIC SHARE MARKET,TOD
EZJ,LONDON STOCK EXCHANGE,EZJ
MOBN,SIX SWISS EXCHANGE,MOBN
DHG,IRISH STOCK EXCHANGE - ALL MARKET,DHG
JDW,LONDON STOCK EXCHANGE,JDW
GPP,WARSAW STOCK EXCHANGE/EQUITIES/MAIN MARKET,GPP
ENX,EURONEXT - EURONEXT PARIS,ENX
NA9,XETRA,NA9.DE
STLAM,ELECTRONIC SHARE MARKET,STLAM
HAG,XETRA,HAG.DE
SPI,LONDON STOCK EXCHANGE,SPI
BAKKA,OSLO BORS ASA,BAKKA
RMS,EURONEXT - EURONEXT PARIS,RMS
UBSG,SIX SWISS EXCHANGE,UBSG
SAB,BOLSA DE MADRID,SAB
NEX,EURONEXT - EURONEXT PARIS,NEX
ALR,WARSAW STOCK EXCHANGE/EQUITIES/MAIN MARKET,ALR
TEMN,SIX SWISS EXCHANGE,TEMN
DLG,ELECTRONIC SHARE MARKET,DLG
MAREL,NASDAQ ICELAND HF.,MAREL
GEKTERNA,ATHENS EXCHANGE S.A. CASH MARKET,GEKTERNA
EUROB,ATHENS EXCHANGE S.A. CASH MARKET,EUROB
ORA,EURONEXT - EURONEXT PARIS,ORA
INPST,EURONEXT - EURONEXT AMSTERDAM,INPST
TE,EURONEXT - EURONEXT PARIS,TE
FGP,LONDON STOCK EXCHANGE,FGP
MIL,WARSAW STOCK EXCHANGE/EQUITIES/MAIN MARKET,MIL
BCGE,SIX SWISS EXCHANGE,BCGE
ARLN,HANSEATISCHE WERTPAPIERBOERSE HAMBURG,ARLN
ZEG,LONDON STOCK EXCHANGE,ZEG
ITRK,LONDON STOCK EXCHANGE,ITRK
AZE,EURONEXT - EURONEXT BRUSSELS,AZE
INVP,LONDON STOCK EXCHANGE,INVP
SRBNK,OSLO BORS ASA,SRBNK
CRN,LONDON STOCK EXCHANGE,CRN
KEMPOWR,FIRST NORTH FINLAND - SME GROWTH MARKET,KEMPOWR
PSM,XETRA,PSM.DE
AMS,BOLSA DE MADRID,AMS
TEN,ELECTRONIC SHARE MARKET,TEN
FIE,XETRA,FIE.DE
WWI,OSLO BORS ASA,WWI
MMT,EURONEXT - EURONEXT PARIS,MMT
DCC,LONDON STOCK EXCHANGE,DCC
ASSA B,NASDAQ STOCKHOLM AB,ASSA B
EDEN,EURONEXT - EURONEXT PARIS,EDEN
STMPA,EURONEXT - EURONEXT PARIS,STMPA
FLE,EURONEXT - EURONEXT AMSTERDAM,FLE
SINCH,NASDAQ STOCKHOLM AB,SINCH
EXN,EURONEXT - EURONEXT PARIS,EXN
DWL,LONDON STOCK EXCHANGE,DWL
BREE,LONDON STOCK EXCHANGE,BREE
BDX,WARSAW STOCK EXCHANGE/EQUITIES/MAIN MARKET,BDX
AGN,EURONEXT - EURONEXT AMSTERDAM,AGN
NAS,OSLO BORS ASA,NAS
WAF,XETRA,WAF.DE
LAMDA,ATHENS EXCHANGE S.A. CASH MARKET,LAMDA
RED,BOLSA DE MADRID,RED
MOL,BUDAPEST STOCK EXCHANGE,MOL
AZM,ELECTRONIC SHARE MARKET,AZM
DOKA,SIX SWISS EXCHANGE,DOKA
YPSN,SIX SWISS EXCHANGE,YPSN
HBMN,SIX SWISS EXCHANGE,HBMN
H2O,SPOT REGULATED MARKET - BVB,H2O
SSPG,LONDON STOCK EXCHANGE,SSPG
SY1,XETRA,SY1.DE
HIK,LONDON STOCK EXCHANGE,HIK
MTX,XETRA,MTX.DE
JSW,WARSAW STOCK EXCHANGE/EQUITIES/MAIN MARKET,JSW
SRAIL,SIX SWISS EXCHANGE,SRAIL
DOCM,SIX SWISS EXCHANGE,DOCM
RBI,WIENER BOERSE AG AMTLICHER HANDEL (OFFICIAL MARKET),RBI
NESTE,NASDAQ HELSINKI LTD,NESTE
YOU,LONDON STOCK EXCHANGE,YOU
PEP,WARSAW STOCK EXCHANGE/EQUITIES/MAIN MARKET,PEP
EVN,WIENER BOERSE AG AMTLICHER HANDEL (OFFICIAL MARKET),EVN
OMV,WIENER BOERSE AG AMTLICHER HANDEL (OFFICIAL MARKET),OMV
STR,WIENER BOERSE AG AMTLICHER HANDEL (OFFICIAL MARKET),STR
UCB,EURONEXT - EURONEXT BRUSSELS,UCB
ALV,XETRA,ALV.DE
KCR,NASDAQ HELSINKI LTD,KCR
BYW6,XETRA,BYW6.DE
DBK,XETRA,DBK.DE
KRN,XETRA,KRN.DE
G1A,XETRA,G1A.DE
PAH3,XETRA,PAH3.DE
TUI1,XETRA,TUI1.DE
RWE,XETRA,RWE.DE
TKA,XETRA,TKA.DE
CIE,BOLSA DE MADRID,CIE
IDR,BOLSA DE MADRID,IDR
ANA,BOLSA DE MADRID,ANA
ELE,BOLSA DE MADRID,ELE
FAE,BOLSA DE MADRID,FAE
IBE,BOLSA DE MADRID,IBE
MAP,BOLSA DE MADRID,MAP
TBCG,LONDON STOCK EXCHANGE,TBCG
SCYR,BOLSA DE MADRID,SCYR
AI,EURONEXT - EURONEXT PARIS,AI
NOD,OSLO BORS ASA,NOD
TEL2 B,NASDAQ STOCKHOLM AB,TEL2 B
BEN,EURONEXT - EURONEXT PARIS,BEN
AM,EURONEXT - EURONEXT PARIS,AM
FGR,EURONEXT - EURONEXT PARIS,FGR
OR,EURONEXT - EURONEXT PARIS,OR
MF,EURONEXT - EURONEXT PARIS,MF
ANE,BOLSA DE MADRID,ANE
MMB,EURONEXT - EURONEXT PARIS,MMB
RCO,EURONEXT - EURONEXT PARIS,RCO
ADEN,SIX SWISS EXCHANGE,ADEN
DSY,EURONEXT - EURONEXT PARIS,DSY
AHT,LONDON STOCK EXCHANGE,AHT
BWY,LONDON STOCK EXCHANGE,BWY
FOUR,LONDON STOCK EXCHANGE,FOUR
GJF,OSLO BORS ASA,GJF
GBF,XETRA,GBF.DE
COA,LONDON STOCK EXCHANGE,COA
CPG,LONDON STOCK EXCHANGE,CPG
CRDA,LONDON STOCK EXCHANGE,CRDA
RS1,LONDON STOCK EXCHANGE,RS1
SXS,LONDON STOCK EXCHANGE,SXS
REDD,LONDON STOCK EXCHANGE,REDD
DGE,LONDON STOCK EXCHANGE,DGE
HAL,EURONEXT - EURONEXT AMSTERDAM,HAL
INCH,LONDON STOCK EXCHANGE,INCH
HELN,SIX SWISS EXCHANGE,HELN
KGF,LONDON STOCK EXCHANGE,KGF
PAG,LONDON STOCK EXCHANGE,PAG
VAR,OSLO BORS ASA,VAR
NXT,LONDON STOCK EXCHANGE,NXT
OXIG,LONDON STOCK EXCHANGE,OXIG
PRU,LONDON STOCK EXCHANGE,PRU
STJ,LONDON STOCK EXCHANGE,STJ
NWG,LONDON STOCK EXCHANGE,NWG
SVS,LONDON STOCK EXCHANGE,SVS
PNN,LONDON STOCK EXCHANGE,PNN
TW.,LONDON STOCK EXCHANGE,TW.
TSCO,LONDON STOCK EXCHANGE,TSCO
ABBN,SIX SWISS EXCHANGE,ABBN
BELL,SIX SWISS EXCHANGE,BELL
SAVE,NASDAQ STOCKHOLM AB,SAVE
BOSN,SIX SWISS EXCHANGE,BOSN
BUCN,SIX SWISS EXCHANGE,BUCN
JFN,SIX SWISS EXCHANGE,JFN
HUBN,SIX SWISS EXCHANGE,HUBN
LUKN,SIX SWISS EXCHANGE,LUKN
REHN,SIX SWISS EXCHANGE,REHN
BVIC,LONDON STOCK EXCHANGE,BVIC
EMBRAC B,NASDAQ STOCKHOLM AB,EMBRAC B
CENER,EURONEXT - EURONEXT BRUSSELS,CENER
ESSITY B,NASDAQ STOCKHOLM AB,ESSITY B
HUSQ B,NASDAQ STOCKHOLM AB,HUSQ B
DIOS,NASDAQ STOCKHOLM AB,DIOS
SRS,ELECTRONIC SHARE MARKET,SRS
WAC,XETRA,WAC.DE
IPCO,NASDAQ STOCKHOLM AB,IPCO
MTRS,NASDAQ STOCKHOLM AB,MTRS
HALKB.E,BORSA ISTANBUL - EQUITY MARKET,HALKB.E
BETCO,NASDAQ STOCKHOLM AB,BETCO
MAERSK B,NASDAQ COPENHAGEN A/S,MAERSK B
VBK,XETRA,VBK.DE
ALK B,NASDAQ COPENHAGEN A/S,ALK B
NOVO B,NASDAQ COPENHAGEN A/S,NOVO B
RYA,IRISH STOCK EXCHANGE - ALL MARKET,RYA
SCHO,NASDAQ COPENHAGEN A/S,SCHO
AALB,EURONEXT - EURONEXT AMSTERDAM,AALB
CRBN,EURONEXT - EURONEXT AMSTERDAM,CRBN
TWEKA,EURONEXT - EURONEXT AMSTERDAM,TWEKA
ALESK,EURONEXT GROWTH PARIS,ALESK
MONT,EURONEXT - EURONEXT BRUSSELS,MONT
AAL,LONDON STOCK EXCHANGE,AAL
UKCM,LONDON STOCK EXCHANGE,UKCM
MB,ELECTRONIC SHARE MARKET,MB
B4B,XETRA,B4B.DE
CE,ELECTRONIC SHARE MARKET,CE
REC,ELECTRONIC SHARE MARKET,REC
SPM,ELECTRONIC SHARE MARKET,SPM
LDO,ELECTRONIC SHARE MARKET,LDO
ATCO A,NASDAQ STOCKHOLM AB,ATCO A
BOL,NASDAQ STOCKHOLM AB,BOL
ELUX B,NASDAQ STOCKHOLM AB,ELUX B
ERIC B,NASDAQ STOCKHOLM AB,ERIC B
FAG,NASDAQ STOCKHOLM AB,FAG
HUFV A,NASDAQ STOCKHOLM AB,HUFV A
NCC B,NASDAQ STOCKHOLM AB,NCC B
KGH,WARSAW STOCK EXCHANGE/EQUITIES/MAIN MARKET,KGH
RATO B,NASDAQ STOCKHOLM AB,RATO B
SAND,NASDAQ STOCKHOLM AB,SAND
FSKRS,NASDAQ HELSINKI LTD,FSKRS
HUH1V,NASDAQ HELSINKI LTD,HUH1V
METSB,NASDAQ HELSINKI LTD,METSB
SPL,WARSAW STOCK EXCHANGE/EQUITIES/MAIN MARKET,SPL
EOAN,XETRA,EOAN.DE
AFG,OSLO BORS ASA,AFG
ASM,EURONEXT - EURONEXT AMSTERDAM,ASM
TLV,SPOT REGULATED MARKET - BVB,TLV
HHFA,XETRA,HHFA.DE
ELIS,EURONEXT - EURONEXT PARIS,ELIS
CPS,WARSAW STOCK EXCHANGE/EQUITIES/MAIN MARKET,CPS
SEPL,LONDON STOCK EXCHANGE,SEPL
HAUTO,OSLO BORS ASA,HAUTO
SRE,LONDON STOCK EXCHANGE,SRE
KIN,EURONEXT - EURONEXT BRUSSELS,KIN
DWNI,XETRA,DWNI.DE
SYSR,NASDAQ STOCKHOLM AB,SYSR
MED,SIX SWISS EXCHANGE,MED
FNOX,NASDAQ STOCKHOLM AB,FNOX
BNOR,OSLO BORS ASA,BNOR
EAT,WARSAW STOCK EXCHANGE/EQUITIES/MAIN MARKET,EAT
VWS,NASDAQ COPENHAGEN A/S,VWS
ACP,WARSAW STOCK EXCHANGE/EQUITIES/MAIN MARKET,ACP
GET,EURONEXT - EURONEXT PARIS,GET
LIFCO B,NASDAQ STOCKHOLM AB,LIFCO B
BIOG B,NASDAQ STOCKHOLM AB,BIOG B
JEN,XETRA,JEN.DE
KRU,WARSAW STOCK EXCHANGE/EQUITIES/MAIN MARKET,KRU
TRGYO.E,BORSA ISTANBUL - EQUITY MARKET,TRGYO.E
MT,EURONEXT - EURONEXT AMSTERDAM,MT
TCELL.E,BORSA ISTANBUL - EQUITY MARKET,TCELL.E
MOR,XETRA,MOR.DE
SPIE,EURONEXT - EURONEXT PARIS,SPIE
BMED,ELECTRONIC SHARE MARKET,BMED
RDW,LONDON STOCK EXCHANGE,RDW
ADV,XETRA,ADV.DE
AAF,LONDON STOCK EXCHANGE,AAF
SECT B,NASDAQ STOCKHOLM AB,SECT B
ROVI,BOLSA DE MADRID,ROVI
SAGA A,NASDAQ STOCKHOLM AB,SAGA A
PHNX,LONDON STOCK EXCHANGE,PHNX
VGP,EURONEXT - EURONEXT BRUSSELS,VGP
ASELS.E,BORSA ISTANBUL - EQUITY MARKET,ASELS.E
KOZAL.E,BORSA ISTANBUL - EQUITY MARKET,KOZAL.E
IPS,EURONEXT - EURONEXT PARIS,IPS
WPP,LONDON STOCK EXCHANGE,WPP
CMBN,SIX SWISS EXCHANGE,CMBN
LEG,XETRA,LEG.DE
SPI,WIENER BOERSE AG AMTLICHER HANDEL (OFFICIAL MARKET),SPI
COL,BOLSA DE MADRID,COL
ALO,EURONEXT - EURONEXT PARIS,ALO
PEAB B,NASDAQ STOCKHOLM AB,PEAB B
DNP,WARSAW STOCK EXCHANGE/EQUITIES/MAIN MARKET,DNP
NCAB,NASDAQ STOCKHOLM AB,NCAB
FER,BOLSA DE MADRID,FER
WOSG,LONDON STOCK EXCHANGE,WOSG
XFAB,EURONEXT - EURONEXT PARIS,XFAB
DIGI,SPOT REGULATED MARKET - BVB,DIGI
OX2,NASDAQ STOCKHOLM AB,OX2
TRN,LONDON STOCK EXCHANGE,TRN
RAA,XETRA,RAA.DE
IFX,XETRA,IFX.DE
AIR,EURONEXT - EURONEXT PARIS,AIR
PSPN,SIX SWISS EXCHANGE,PSPN
AOF,XETRA,AOF.DE
ASRNL,EURONEXT - EURONEXT AMSTERDAM,ASRNL
VOLCAR B,NASDAQ STOCKHOLM AB,VOLCAR B
RWS,LONDON STOCK EXCHANGE,RWS
SRT,XETRA,SRT.DE
SON,OPERADOR DE MERCADO IBERICO DE ENERGIA - PORTUGAL,SON
LSG,OSLO BORS ASA,LSG
ITH,LONDON STOCK EXCHANGE,ITH
URW,EURONEXT - EURONEXT PARIS,URW
AYGAZ.E,BORSA ISTANBUL - EQUITY MARKET,AYGAZ.E
BLV,EURONEXT - EURONEXT PARIS,BLV
IGG,LONDON STOCK EXCHANGE,IGG
N91,LONDON STOCK EXCHANGE,N91
FUR,EURONEXT - EURONEXT AMSTERDAM,FUR
BRISA.E,BORSA ISTANBUL - EQUITY MARKET,BRISA.E
GMAB,NASDAQ COPENHAGEN A/S,GMAB
CCL,LONDON STOCK EXCHANGE,CCL
PETS,LONDON STOCK EXCHANGE,PETS
IFCN,SIX SWISS EXCHANGE,IFCN
ARN,ELECTRONIC SHARE MARKET,ARN
SGKN,SIX SWISS EXCHANGE,SGKN
FLTR,LONDON STOCK EXCHANGE,FLTR
AF,EURONEXT - EURONEXT PARIS,AF
MOEX,MOSCOW EXCHANGE - ALL MARKETS,MOEX
EQT,NASDAQ STOCKHOLM AB,EQT
WIZZ,LONDON STOCK EXCHANGE,WIZZ
FAN,LONDON STOCK EXCHANGE,FAN
DLG,LONDON STOCK EXCHANGE,DLG
BPT,LONDON STOCK EXCHANGE,BPT
BAER,SIX SWISS EXCHANGE,BAER
DOCS,LONDON STOCK EXCHANGE,DOCS
LPP,WARSAW STOCK EXCHANGE/EQUITIES/MAIN MARKET,LPP
FRA,XETRA,FRA.DE
DEC,EURONEXT - EURONEXT PARIS,DEC
TLX,XETRA,TLX.DE
GTT,EURONEXT - EURONEXT PARIS,GTT
IDL,EURONEXT - EURONEXT PARIS,IDL
OSSR,NASDAQ COPENHAGEN A/S,OSSR
BYIT,LONDON STOCK EXCHANGE,BYIT
SNP,SPOT REGULATED MARKET - BVB,SNP
NEOEN,EURONEXT - EURONEXT PARIS,NEOEN
JMT,OPERADOR DE MERCADO IBERICO DE ENERGIA - PORTUGAL,JMT
INDV,LONDON STOCK EXCHANGE,INDV
SWED A,NASDAQ STOCKHOLM AB,SWED A
DARK,LONDON STOCK EXCHANGE,DARK
WISE,LONDON STOCK EXCHANGE,WISE
FPAR A,NASDAQ STOCKHOLM AB,FPAR A
BCG,LONDON STOCK EXCHANGE,BCG
AUTO,LONDON STOCK EXCHANGE,AUTO
ENG,BOLSA DE MADRID,ENG
MONET,PRAGUE STOCK EXCHANGE,MONET
MFEB,ELECTRONIC SHARE MARKET,MFEB
ALLEI,NASDAQ STOCKHOLM AB,ALLEI
WAWI,OSLO BORS ASA,WAWI
TURSG.E,BORSA ISTANBUL - EQUITY MARKET,TURSG.E
SOON,SIX SWISS EXCHANGE,SOON
HBH,XETRA,HBH.DE
OCDO,LONDON STOCK EXCHANGE,OCDO
EPI A,NASDAQ STOCKHOLM AB,EPI A
ASML,EURONEXT - EURONEXT AMSTERDAM,ASML
VMUK,LONDON STOCK EXCHANGE,VMUK
STM,XETRA,STM.DE
DOFG,OSLO BORS ASA,DOFG
RACE,ELECTRONIC SHARE MARKET,RACE
GVS,ELECTRONIC SHARE MARKET,GVS
DNB,OSLO BORS ASA,DNB
SHUR,EURONEXT - EURONEXT BRUSSELS,SHUR
SDZ,SIX SWISS EXCHANGE,SDZ
DEMANT,NASDAQ COPENHAGEN A/S,DEMANT
MANTA,NASDAQ HELSINKI LTD,MANTA
ABI,EURONEXT - EURONEXT BRUSSELS,ABI
NEM,XETRA,NEM.DE
CAR,WARSAW STOCK EXCHANGE/EQUITIES/MAIN MARKET,CAR
KIND SDB,NASDAQ STOCKHOLM AB,KIND SDB
TTRAK.E,BORSA ISTANBUL - EQUITY MARKET,TTRAK.E
ADS,XETRA,ADS.DE
FLU,WIENER BOERSE AG AMTLICHER HANDEL (OFFICIAL MARKET),FLU
ADM,LONDON STOCK EXCHANGE,ADM
CCC,WARSAW STOCK EXCHANGE/EQUITIES/MAIN MARKET,CCC
GLPG,EURONEXT - EURONEXT AMSTERDAM,GLPG
TIP,ELECTRONIC SHARE MARKET,TIP
DKSH,SIX SWISS EXCHANGE,DKSH
SALM,OSLO BORS ASA,SALM
TGYM,ELECTRONIC SHARE MARKET,TGYM
SNN,SPOT REGULATED MARKET - BVB,SNN
AVOL,SIX SWISS EXCHANGE,AVOL
VER,WIENER BOERSE AG AMTLICHER HANDEL (OFFICIAL MARKET),VER
LOTB,EURONEXT - EURONEXT BRUSSELS,LOTB
DIE,EURONEXT - EURONEXT BRUSSELS,DIE
RWAY,ELECTRONIC SHARE MARKET,RWAY
SOLB,EURONEXT - EURONEXT BRUSSELS,SOLB
BMW,XETRA,BMW.DE
CBK,XETRA,CBK.DE
INDT,NASDAQ STOCKHOLM AB,INDT
BFIT,EURONEXT - EURONEXT AMSTERDAM,BFIT
CON,XETRA,CON.DE
LHA,XETRA,LHA.DE
HOT,XETRA,HOT.DE
ANIM,ELECTRONIC SHARE MARKET,ANIM
ENAV,ELECTRONIC SHARE MARKET,ENAV
SDF,XETRA,SDF.DE
MUV2,XETRA,MUV2.DE
VOW,XETRA,VOW.DE
BBVA,BOLSA DE MADRID,BBVA
FCC,BOLSA DE MADRID,FCC
REP,BOLSA DE MADRID,REP
GFC,EURONEXT - EURONEXT PARIS,GFC
LI,EURONEXT - EURONEXT PARIS,LI
LSS,EURONEXT - EURONEXT PARIS,LSS
BOL,EURONEXT - EURONEXT PARIS,BOL
SGO,EURONEXT - EURONEXT PARIS,SGO
VK,EURONEXT - EURONEXT PARIS,VK
UBI,EURONEXT - EURONEXT PARIS,UBI
FR,EURONEXT - EURONEXT PARIS,FR
BARC,LONDON STOCK EXCHANGE,BARC
BBY,LONDON STOCK EXCHANGE,BBY
BT.A,LONDON STOCK EXCHANGE,BT.A
CHG,LONDON STOCK EXCHANGE,CHG
AV.,LONDON STOCK EXCHANGE,AV.
ITV,LONDON STOCK EXCHANGE,ITV
EXPN,LONDON STOCK EXCHANGE,EXPN
GRG,LONDON STOCK EXCHANGE,GRG
PFV,XETRA,PFV.DE
LGEN,LONDON STOCK EXCHANGE,LGEN
MKS,LONDON STOCK EXCHANGE,MKS
RAT,LONDON STOCK EXCHANGE,RAT
ETL,EURONEXT - EURONEXT PARIS,ETL
GVOLT,OPERADOR DE MERCADO IBERICO DE ENERGIA - PORTUGAL,GVOLT
RR.,LONDON STOCK EXCHANGE,RR.
ROR,LONDON STOCK EXCHANGE,ROR
MGNS,LONDON STOCK EXCHANGE,MGNS
IPN,EURONEXT - EURONEXT PARIS,IPN
SMWH,LONDON STOCK EXCHANGE,SMWH
TATE,LONDON STOCK EXCHANGE,TATE
LLOY,LONDON STOCK EXCHANGE,LLOY
COTN,SIX SWISS EXCHANGE,COTN
STG,NASDAQ COPENHAGEN A/S,STG
KCAER.E,BORSA ISTANBUL - EQUITY MARKET,KCAER.E
ALSN,SIX SWISS EXCHANGE,ALSN
GRKP,SIX SWISS EXCHANGE,GRKP
SUN,SIX SWISS EXCHANGE,SUN
PEO,WARSAW STOCK EXCHANGE/EQUITIES/MAIN MARKET,PEO
JD.,LONDON STOCK EXCHANGE,JD.
EXO,EURONEXT - EURONEXT AMSTERDAM,EXO
IWG,LONDON STOCK EXCHANGE,IWG
BUFAB,NASDAQ STOCKHOLM AB,BUFAB
BAMI,ELECTRONIC SHARE MARKET,BAMI
IP,ELECTRONIC SHARE MARKET,IP
BFT,WARSAW STOCK EXCHANGE/EQUITIES/MAIN MARKET,BFT
AMAG,WIENER BOERSE AG AMTLICHER HANDEL (OFFICIAL MARKET),AMAG
KRKG,LJUBLJANA STOCK EXCHANGE (OFFICIAL MARKET),KRKG
ORNBV,NASDAQ HELSINKI LTD,ORNBV
AUSS,OSLO BORS ASA,AUSS
GEBN,SIX SWISS EXCHANGE,GEBN
DFDS,NASDAQ COPENHAGEN A/S,DFDS
SUPR,LONDON STOCK EXCHANGE,SUPR
CARL B,NASDAQ COPENHAGEN A/S,CARL B
JYSK,NASDAQ COPENHAGEN A/S,JYSK
RILBA,NASDAQ COPENHAGEN A/S,RILBA
CORE A,NASDAQ STOCKHOLM AB,CORE A
BIRG,IRISH STOCK EXCHANGE - ALL MARKET,BIRG
LAND,SIX SWISS EXCHANGE,LAND
CE2,XETRA,CE2.DE
HTO,ATHENS EXCHANGE S.A. CASH MARKET,HTO
VEI,OSLO BORS ASA,VEI
DNLM,LONDON STOCK EXCHANGE,DNLM
WBD,ELECTRONIC SHARE MARKET,WBD
DAN,ELECTRONIC SHARE MARKET,DAN
INVE B,NASDAQ STOCKHOLM AB,INVE B
SAAB B,NASDAQ STOCKHOLM AB,SAAB B
VOLV B,NASDAQ STOCKHOLM AB,VOLV B
UPONOR,NASDAQ HELSINKI LTD,UPONOR
STERV,NASDAQ HELSINKI LTD,STERV
HFG,XETRA,HFG.DE
SELEC.E,BORSA ISTANBUL - EQUITY MARKET,SELEC.E
ARJO B,NASDAQ STOCKHOLM AB,ARJO B
ERG,ELECTRONIC SHARE MARKET,ERG
TGS,OSLO BORS ASA,TGS
SCHP,EURONEXT - EURONEXT PARIS,SCHP
BCHN,SIX SWISS EXCHANGE,BCHN
BNR,XETRA,BNR.DE
VZN,SIX SWISS EXCHANGE,VZN
BKW,SIX SWISS EXCHANGE,BKW
FNTN,XETRA,FNTN.DE
SK3,IRISH STOCK EXCHANGE - ALL MARKET,SK3
VRLA,EURONEXT - EURONEXT PARIS,VRLA
ADYEN,EURONEXT - EURONEXT AMSTERDAM,ADYEN
CEY,LONDON STOCK EXCHANGE,CEY
ALLFG,EURONEXT - EURONEXT AMSTERDAM,ALLFG
YKBNK.E,BORSA ISTANBUL - EQUITY MARKET,YKBNK.E
MOL,ELECTRONIC SHARE MARKET,MOL
STF,EURONEXT - EURONEXT PARIS,STF
STMN,SIX SWISS EXCHANGE,STMN
ELPE,ATHENS EXCHANGE S.A. CASH MARKET,ELPE
BGEO,LONDON STOCK EXCHANGE,BGEO
UNI,BOLSA DE MADRID,UNI
BC,ELECTRONIC SHARE MARKET,BC
A2A,ELECTRONIC SHARE MARKET,A2A
SCMN,SIX SWISS EXCHANGE,SCMN
KBC,EURONEXT - EURONEXT BRUSSELS,KBC
CVSG,LONDON STOCK EXCHANGE,CVSG
ERA,EURONEXT - EURONEXT PARIS,ERA
AKBNK.E,BORSA ISTANBUL - EQUITY MARKET,AKBNK.E
AFRY,NASDAQ STOCKHOLM AB,AFRY
PTEC,LONDON STOCK EXCHANGE,PTEC
ARCLK.E,BORSA ISTANBUL - EQUITY MARKET,ARCLK.E
SOW,XETRA,SOW.DE
AJB,LONDON STOCK EXCHANGE,AJB
AKCNS.E,BORSA ISTANBUL - EQUITY MARKET,AKCNS.E
ACE,ELECTRONIC SHARE MARKET,ACE
ACA,EURONEXT - EURONEXT PARIS,ACA
ELG,XETRA,ELG.DE
BALD B,NASDAQ STOCKHOLM AB,BALD B
SII,EURONEXT - EURONEXT PARIS,SII
ALC,SIX SWISS EXCHANGE,ALC
MOVE,SIX SWISS EXCHANGE,MOVE
CARM,EURONEXT - EURONEXT PARIS,CARM
YSN,XETRA,YSN.DE
PKN,WARSAW STOCK EXCHANGE/EQUITIES/MAIN MARKET,PKN
AKSEN.E,BORSA ISTANBUL - EQUITY MARKET,AKSEN.E
ISCTR.E,BORSA ISTANBUL - EQUITY MARKET,ISCTR.E
KEMIRA,NASDAQ HELSINKI LTD,KEMIRA
KCHOL.E,BORSA ISTANBUL - EQUITY MARKET,KCHOL.E
PRX,EURONEXT - EURONEXT AMSTERDAM,PRX
FLNG,OSLO BORS ASA,FLNG
TRNFP,MOSCOW EXCHANGE - ALL MARKETS,TRNFP
FPE3,XETRA,FPE3.DE
MYCR,NASDAQ STOCKHOLM AB,MYCR
SIX2,XETRA,SIX2.DE
AFX,XETRA,AFX.DE
BC8,XETRA,BC8.DE
FROTO.E,BORSA ISTANBUL - EQUITY MARKET,FROTO.E
KWS,XETRA,KWS.DE
NRO,EURONEXT - EURONEXT PARIS,NRO
SANOMA,NASDAQ HELSINKI LTD,SANOMA
BWLPG,OSLO BORS ASA,BWLPG
TUPRS.E,BORSA ISTANBUL - EQUITY MARKET,TUPRS.E
VALMT,NASDAQ HELSINKI LTD,VALMT
VAIAS,NASDAQ HELSINKI LTD,VAIAS
VID,BOLSA DE MADRID,VID
PNDORA,NASDAQ COPENHAGEN A/S,PNDORA
TEP,LONDON STOCK EXCHANGE,TEP
WALL B,NASDAQ STOCKHOLM AB,WALL B
AERO,SIX SWISS EXCHANGE,AERO
ARION,NASDAQ ICELAND HF.,ARION
ANDR,WIENER BOERSE AG AMTLICHER HANDEL (OFFICIAL MARKET),ANDR
DEQ,XETRA,DEQ.DE
TKA,WIENER BOERSE AG AMTLICHER HANDEL (OFFICIAL MARKET),TKA
ANTIN,EURONEXT - EURONEXT PARIS,ANTIN
NZYM B,NASDAQ COPENHAGEN A/S,NZYM B
HWDN,LONDON STOCK EXCHANGE,HWDN
FEVR,LONDON STOCK EXCHANGE,FEVR
APPS,BOLSA DE MADRID,APPS
AMUN,EURONEXT - EURONEXT PARIS,AMUN
SAP,XETRA,SAP.DE
SCATC,OSLO BORS ASA,SCATC
NDX1,XETRA,NDX1.DE
AZN,LONDON STOCK EXCHANGE,AZN
CLNX,BOLSA DE MADRID,CLNX
ITX,BOLSA DE MADRID,ITX
AMP,ELECTRONIC SHARE MARKET,AMP
ZAL,XETRA,ZAL.DE
AMS,SIX SWISS EXCHANGE,AMS
VITR,NASDAQ STOCKHOLM AB,VITR
CRE,LONDON STOCK EXCHANGE,CRE
MOH,ATHENS EXCHANGE S.A. CASH MARKET,MOH
HEM,NASDAQ STOCKHOLM AB,HEM
TPEIR,ATHENS EXCHANGE S.A. CASH MARKET,TPEIR
GAMA,LONDON STOCK EXCHANGE,GAMA
KPN,EURONEXT - EURONEXT AMSTERDAM,KPN
AGS,EURONEXT - EURONEXT BRUSSELS,AGS
CDR,WARSAW STOCK EXCHANGE/EQUITIES/MAIN MARKET,CDR
SYAB,XETRA,SYAB.DE
WKP,LONDON STOCK EXCHANGE,WKP
PPC,ATHENS EXCHANGE S.A. CASH MARKET,PPC
AWE,LONDON STOCK EXCHANGE,AWE
UMG,EURONEXT - EURONEXT AMSTERDAM,UMG
AENA,BOLSA DE MADRID,AENA
KBX,XETRA,KBX.DE
ING,WARSAW STOCK EXCHANGE/EQUITIES/MAIN MARKET,ING
INW,ELECTRONIC SHARE MARKET,INW
TROAX,NASDAQ STOCKHOLM AB,TROAX
SWON,SIX SWISS EXCHANGE,SWON
BRBY,LONDON STOCK EXCHANGE,BRBY
SHA,XETRA,SHA.DE
EPR,OSLO BORS ASA,EPR
IMCD,EURONEXT - EURONEXT AMSTERDAM,IMCD
HLN,LONDON STOCK EXCHANGE,HLN
DB1,XETRA,DB1.DE
G24,XETRA,G24.DE
MAB,LONDON STOCK EXCHANGE,MAB
IHG,LONDON STOCK EXCHANGE,IHG
ACLN,SIX SWISS EXCHANGE,ACLN
MRO,LONDON STOCK EXCHANGE,MRO
GRNG,NASDAQ STOCKHOLM AB,GRNG
SCT,LONDON STOCK EXCHANGE,SCT
ASCL,LONDON STOCK EXCHANGE,ASCL
GALP,OPERADOR DE MERCADO IBERICO DE ENERGIA - PORTUGAL,GALP
COP,XETRA,COP.DE
PLX,EURONEXT - EURONEXT PARIS,PLX
QTCOM,NASDAQ HELSINKI LTD,QTCOM
BRE,ELECTRONIC SHARE MARKET,BRE
HSX,LONDON STOCK EXCHANGE,HSX
OTKAR.E,BORSA ISTANBUL - EQUITY MARKET,OTKAR.E
YAR,OSLO BORS ASA,YAR
ELI,EURONEXT - EURONEXT BRUSSELS,ELI
BGN,ELECTRONIC SHARE MARKET,BGN
ROCK B,NASDAQ COPENHAGEN A/S,ROCK B
KTY,WARSAW STOCK EXCHANGE/EQUITIES/MAIN MARKET,KTY
RMV,LONDON STOCK EXCHANGE,RMV
BVI,EURONEXT - EURONEXT PARIS,BVI
PGSUS.E,BORSA ISTANBUL - EQUITY MARKET,PGSUS.E
SOBI,NASDAQ STOCKHOLM AB,SOBI
LXS,XETRA,LXS.DE
UQA,WIENER BOERSE AG AMTLICHER HANDEL (OFFICIAL MARKET),UQA
LNZ,WIENER BOERSE AG AMTLICHER HANDEL (OFFICIAL MARKET),LNZ
WIE,WIENER BOERSE AG AMTLICHER HANDEL (OFFICIAL MARKET),WIE
LIGHT,EURONEXT - EURONEXT AMSTERDAM,LIGHT
UMI,EURONEXT - EURONEXT BRUSSELS,UMI
ACKB,EURONEXT - EURONEXT BRUSSELS,ACKB
GBLB,EURONEXT - EURONEXT BRUSSELS,GBLB
TESB,EURONEXT - EURONEXT BRUSSELS,TESB
TTALO,NASDAQ HELSINKI LTD,TTALO
PHP,LONDON STOCK EXCHANGE,PHP
BEI,XETRA,BEI.DE
MBG,XETRA,MBG.DE
COPN,SIX SWISS EXCHANGE,COPN
FRE,XETRA,FRE.DE
RHM,XETRA,RHM.DE
TEG,XETRA,TEG.DE
BKT,BOLSA DE MADRID,BKT
NTGY,BOLSA DE MADRID,NTGY
CAF,BOLSA DE MADRID,CAF
ENO,BOLSA DE MADRID,ENO
PSG,BOLSA DE MADRID,PSG
AC,EURONEXT - EURONEXT PARIS,AC
SAF,EURONEXT - EURONEXT PARIS,SAF
BB,EURONEXT - EURONEXT PARIS,BB
BN,EURONEXT - EURONEXT PARIS,BN
CAP,EURONEXT - EURONEXT PARIS,CAP
VIV,EURONEXT - EURONEXT PARIS,VIV
GLE,EURONEXT - EURONEXT PARIS,GLE
RUI,EURONEXT - EURONEXT PARIS,RUI
LR,EURONEXT - EURONEXT PARIS,LR
UN0,XETRA,UN0.DE
TEP,EURONEXT - EURONEXT PARIS,TEP
SU,EURONEXT - EURONEXT PARIS,SU
TTE,EURONEXT - EURONEXT PARIS,TTE
ABF,LONDON STOCK EXCHANGE,ABF
GL9,IRISH STOCK EXCHANGE - ALL MARKET,GL9
BDEV,LONDON STOCK EXCHANGE,BDEV
BKG,LONDON STOCK EXCHANGE,BKG
BP.,LONDON STOCK EXCHANGE,BP.
GRI,LONDON STOCK EXCHANGE,GRI
GPE,LONDON STOCK EXCHANGE,GPE
MTO,LONDON STOCK EXCHANGE,MTO
MEL,BOLSA DE MADRID,MEL
IMI,LONDON STOCK EXCHANGE,IMI
PAGE,LONDON STOCK EXCHANGE,PAGE
CEC,XETRA,CEC.DE
VOD,LONDON STOCK EXCHANGE,VOD
RSW,LONDON STOCK EXCHANGE,RSW
CEZ,PRAGUE STOCK EXCHANGE,CEZ
SGE,LONDON STOCK EXCHANGE,SGE
SBRY,LONDON STOCK EXCHANGE,SBRY
MERY,EURONEXT - EURONEXT PARIS,MERY
SGRO,LONDON STOCK EXCHANGE,SGRO
SMDS,LONDON STOCK EXCHANGE,SMDS
CTEC,LONDON STOCK EXCHANGE,CTEC
IAG,LONDON STOCK EXCHANGE,IAG
WEIR,LONDON STOCK EXCHANGE,WEIR
BCVN,SIX SWISS EXCHANGE,BCVN
FORN,SIX SWISS EXCHANGE,FORN
ISN,SIX SWISS EXCHANGE,ISN
VATN,SIX SWISS EXCHANGE,VATN
LLBN,SIX SWISS EXCHANGE,LLBN
SLHN,SIX SWISS EXCHANGE,SLHN
UHR,SIX SWISS EXCHANGE,UHR
NLBR,LJUBLJANA STOCK EXCHANGE (OFFICIAL MARKET),NLBR
GXI,XETRA,GXI.DE
BORR,OSLO BORS ASA,BORR
LXI,LONDON STOCK EXCHANGE,LXI
SCF,ELECTRONIC SHARE MARKET,SCF
PROX,EURONEXT - EURONEXT BRUSSELS,PROX
GLEN,LONDON STOCK EXCHANGE,GLEN
DOM,NASDAQ STOCKHOLM AB,DOM
PGE,WARSAW STOCK EXCHANGE/EQUITIES/MAIN MARKET,PGE
CNA,LONDON STOCK EXCHANGE,CNA
S92,XETRA,S92.DE
ALMB,NASDAQ COPENHAGEN A/S,ALMB
DANSKE,NASDAQ COPENHAGEN A/S,DANSKE
INRN,SIX SWISS EXCHANGE,INRN
RBREW,NASDAQ COPENHAGEN A/S,RBREW
SBMO,EURONEXT - EURONEXT AMSTERDAM,SBMO
NIBE B,NASDAQ STOCKHOLM AB,NIBE B
KINV B,NASDAQ STOCKHOLM AB,KINV B
INGA,EURONEXT - EURONEXT AMSTERDAM,INGA
AXFO,NASDAQ STOCKHOLM AB,AXFO
DOM,WARSAW STOCK EXCHANGE/EQUITIES/MAIN MARKET,DOM
ELK,OSLO BORS ASA,ELK
ODF,OSLO BORS ASA,ODF
SAHOL.E,BORSA ISTANBUL - EQUITY MARKET,SAHOL.E
BZU,ELECTRONIC SHARE MARKET,BZU
UNI,ELECTRONIC SHARE MARKET,UNI
ENOG,LONDON STOCK EXCHANGE,ENOG
SCA B,NASDAQ STOCKHOLM AB,SCA B
HOLM B,NASDAQ STOCKHOLM AB,HOLM B
CAMX,NASDAQ STOCKHOLM AB,CAMX
HM B,NASDAQ STOCKHOLM AB,HM B
JM,NASDAQ STOCKHOLM AB,JM
BIOA B,NASDAQ STOCKHOLM AB,BIOA B
A5G,IRISH STOCK EXCHANGE - ALL MARKET,A5G
VTY,LONDON STOCK EXCHANGE,VTY
DMP,XETRA,DMP.DE
NDA FI,NASDAQ HELSINKI LTD,NDA FI
CCH,LONDON STOCK EXCHANGE,CCH
TRI,EURONEXT - EURONEXT PARIS,TRI
ALFEN,EURONEXT - EURONEXT AMSTERDAM,ALFEN
UTDI,XETRA,UTDI.DE
ZV,ELECTRONIC SHARE MARKET,ZV
GEST,BOLSA DE MADRID,GEST
FDR,BOLSA DE MADRID,FDR
TKWY,EURONEXT - EURONEXT AMSTERDAM,TKWY
KOG,OSLO BORS ASA,KOG
BARN,SIX SWISS EXCHANGE,BARN
EKTA B,NASDAQ STOCKHOLM AB,EKTA B
HBR,LONDON STOCK EXCHANGE,HBR
AKRBP,OSLO BORS ASA,AKRBP
SNI,OSLO BORS ASA,SNI
OPL,WARSAW STOCK EXCHANGE/EQUITIES/MAIN MARKET,OPL
AML,LONDON STOCK EXCHANGE,AML
PNE3,XETRA,PNE3.DE
FORTUM,NASDAQ HELSINKI LTD,FORTUM
LMP,LONDON STOCK EXCHANGE,LMP
BRG,OSLO BORS ASA,BRG
ANTO,LONDON STOCK EXCHANGE,ANTO
SAN,EURONEXT - EURONEXT PARIS,SAN
BILI A,NASDAQ STOCKHOLM AB,BILI A
JET2,LONDON STOCK EXCHANGE,JET2
WDP,EURONEXT - EURONEXT BRUSSELS,WDP
ENKAI.E,BORSA ISTANBUL - EQUITY MARKET,ENKAI.E
AEFES.E,BORSA ISTANBUL - EQUITY MARKET,AEFES.E
HAFNI,OSLO BORS ASA,HAFNI
EMG,LONDON STOCK EXCHANGE,EMG
PEUG,EURONEXT - EURONEXT PARIS,PEUG
ENGI,EURONEXT - EURONEXT PARIS,ENGI
COK,XETRA,COK.DE
EVT,XETRA,EVT.DE
8TRA,XETRA,8TRA.DE
EDPR,OPERADOR DE MERCADO IBERICO DE ENERGIA - PORTUGAL,EDPR
NOS,OPERADOR DE MERCADO IBERICO DE ENERGIA - PORTUGAL,NOS
NFG,LONDON STOCK EXCHANGE,NFG
WAVE,EURONEXT - EURONEXT PARIS,WAVE
ABDN,LONDON STOCK EXCHANGE,ABDN
AGHOL.E,BORSA ISTANBUL - EQUITY MARKET,AGHOL.E
ALLN,SIX SWISS EXCHANGE,ALLN
ACS,BOLSA DE MADRID,ACS
COFA,EURONEXT - EURONEXT PARIS,COFA
GLJ,XETRA,GLJ.DE
IDS,LONDON STOCK EXCHANGE,IDS
EKT,XETRA,EKT.DE
TMV,XETRA,TMV.DE
SOP,EURONEXT - EURONEXT PARIS,SOP
GIVN,SIX SWISS EXCHANGE,GIVN
BNP,WARSAW STOCK EXCHANGE/EQUITIES/MAIN MARKET,BNP
SISE.E,BORSA ISTANBUL - EQUITY MARKET,SISE.E
VOE,WIENER BOERSE AG AMTLICHER HANDEL (OFFICIAL MARKET),VOE
EDP,OPERADOR DE MERCADO IBERICO DE ENERGIA - PORTUGAL,EDP
ICOS,ELECTRONIC SHARE MARKET,ICOS
IIA,WIENER BOERSE AG AMTLICHER HANDEL (OFFICIAL MARKET),IIA
THULE,NASDAQ STOCKHOLM AB,THULE
CRL,ELECTRONIC SHARE MARKET,CRL
ICP,LONDON STOCK EXCHANGE,ICP
ISB,NASDAQ ICELAND HF.,ISB
OSB,LONDON STOCK EXCHANGE,OSB
HYQ,XETRA,HYQ.DE
ENEL,ELECTRONIC SHARE MARKET,ENEL
KTN,XETRA,KTN.DE
IRE,ELECTRONIC SHARE MARKET,IRE
BRD,SPOT REGULATED MARKET - BVB,BRD
CTPNV,EURONEXT - EURONEXT AMSTERDAM,CTPNV
VTSC,XETRA,VTSC.DE
BME,LONDON STOCK EXCHANGE,BME
FBK,ELECTRONIC SHARE MARKET,FBK
AKSO,OSLO BORS ASA,AKSO
OPAP,ATHENS EXCHANGE S.A. CASH MARKET,OPAP
ADP,EURONEXT - EURONEXT PARIS,ADP
ALPHA,ATHENS EXCHANGE S.A. CASH MARKET,ALPHA
ETE,ATHENS EXCHANGE S.A. CASH MARKET,ETE
BILL,NASDAQ STOCKHOLM AB,BILL
MING,OSLO BORS ASA,MING
ROO,LONDON STOCK EXCHANGE,ROO
ORP,EURONEXT - EURONEXT PARIS,ORP
PHLL,LONDON STOCK EXCHANGE,PHLL
ALFA,NASDAQ STOCKHOLM AB,ALFA
EVO,NASDAQ STOCKHOLM AB,EVO
WG.,LONDON STOCK EXCHANGE,WG.
IVG,ELECTRONIC SHARE MARKET,IVG
SHC,LONDON STOCK EXCHANGE,SHC
FDJ,EURONEXT - EURONEXT PARIS,FDJ
NCH2,XETRA,NCH2.DE
VEON,EURONEXT - EURONEXT AMSTERDAM,VEON
ATRLJ B,NASDAQ STOCKHOLM AB,ATRLJ B
III,LONDON STOCK EXCHANGE,III
KNOS,LONDON STOCK EXCHANGE,KNOS
PDX,FIRST NORTH SWEDEN - SME GROWTH MARKET,PDX
SVEG,OSLO BORS ASA,SVEG
LIAB,NASDAQ STOCKHOLM AB,LIAB
DSFIR,EURONEXT - EURONEXT AMSTERDAM,DSFIR
SYENS,EURONEXT - EURONEXT BRUSSELS,SYENS
TYRES,NASDAQ HELSINKI LTD,TYRES
SAX,XETRA,SAX.DE
ALIF B,NASDAQ STOCKHOLM AB,ALIF B
TOKMAN,NASDAQ HELSINKI LTD,TOKMAN
BEZ,LONDON STOCK EXCHANGE,BEZ
CLN,SIX SWISS EXCHANGE,CLN
ULKER.E,BORSA ISTANBUL - EQUITY MARKET,ULKER.E
EGL,OPERADOR DE MERCADO IBERICO DE ENERGIA - PORTUGAL,EGL
CCC,LONDON STOCK EXCHANGE,CCC
BESI,EURONEXT - EURONEXT AMSTERDAM,BESI
PFD,LONDON STOCK EXCHANGE,PFD
LOUP,EURONEXT - EURONEXT PARIS,LOUP
VCT,LONDON STOCK EXCHANGE,VCT
SHEL,LONDON STOCK EXCHANGE,SHEL
EURN,EURONEXT - EURONEXT BRUSSELS,EURN
FEES,MOSCOW EXCHANGE - ALL MARKETS,FEES
SENS,SIX SWISS EXCHANGE,SENS
SFSN,SIX SWISS EXCHANGE,SFSN
HL.,LONDON STOCK EXCHANGE,HL.
TTKOM.E,BORSA ISTANBUL - EQUITY MARKET,TTKOM.E
SNG,SPOT REGULATED MARKET - BVB,SNG
QQ.,LONDON STOCK EXCHANGE,QQ.
ENA,WARSAW STOCK EXCHANGE/EQUITIES/MAIN MARKET,ENA
VLK,EURONEXT - EURONEXT AMSTERDAM,VLK
METSO,NASDAQ HELSINKI LTD,METSO
WIHL,NASDAQ STOCKHOLM AB,WIHL
ONT,LONDON STOCK EXCHANGE,ONT
CAI,WIENER BOERSE AG AMTLICHER HANDEL (OFFICIAL MARKET),CAI
BAR,EURONEXT - EURONEXT BRUSSELS,BAR
BAYN,XETRA,BAYN.DE
IREN,SIX SWISS EXCHANGE,IREN
HEI,XETRA,HEI.DE
SZG,XETRA,SZG.DE
DTE,XETRA,DTE.DE
SZU,XETRA,SZU.DE
SAN,BOLSA DE MADRID,SAN
NHH,BOLSA DE MADRID,NHH
TEF,BOLSA DE MADRID,TEF
VIS,BOLSA DE MADRID,VIS
CA,EURONEXT - EURONEXT PARIS,CA
CS,EURONEXT - EURONEXT PARIS,CS
DEME,EURONEXT - EURONEXT BRUSSELS,DEME
HO,EURONEXT - EURONEXT PARIS,HO
RXL,EURONEXT - EURONEXT PARIS,RXL
UPM,NASDAQ HELSINKI LTD,UPM
BHW,WARSAW STOCK EXCHANGE/EQUITIES/MAIN MARKET,BHW
ICAD,EURONEXT - EURONEXT PARIS,ICAD
FRVIA,EURONEXT - EURONEXT PARIS,FRVIA
MPARK.E,BORSA ISTANBUL - EQUITY MARKET,MPARK.E
DG,EURONEXT - EURONEXT PARIS,DG
MAU,EURONEXT - EURONEXT PARIS,MAU
RI,EURONEXT - EURONEXT PARIS,RI
RNO,EURONEXT - EURONEXT PARIS,RNO
SK,EURONEXT - EURONEXT PARIS,SK
SW,EURONEXT - EURONEXT PARIS,SW
ALTA,EURONEXT - EURONEXT PARIS,ALTA
TFI,EURONEXT - EURONEXT PARIS,TFI
BA.,LONDON STOCK EXCHANGE,BA.
BLND,LONDON STOCK EXCHANGE,BLND
CWK,LONDON STOCK EXCHANGE,CWK
DLN,LONDON STOCK EXCHANGE,DLN
GSK,LONDON STOCK EXCHANGE,GSK
JHD,LONDON STOCK EXCHANGE,JHD
HMSO,LONDON STOCK EXCHANGE,HMSO
JMAT,LONDON STOCK EXCHANGE,JMAT
EFGN,SIX SWISS EXCHANGE,EFGN
KRX,IRISH STOCK EXCHANGE - ALL MARKET,KRX
LAND,LONDON STOCK EXCHANGE,LAND
LISN,SIX SWISS EXCHANGE,LISN
UU.,LONDON STOCK EXCHANGE,UU.
PSON,LONDON STOCK EXCHANGE,PSON
PSN,LONDON STOCK EXCHANGE,PSN
PIRC,ELECTRONIC SHARE MARKET,PIRC
REL,LONDON STOCK EXCHANGE,REL
RTO,LONDON STOCK EXCHANGE,RTO
RIO,LONDON STOCK EXCHANGE,RIO
NOVN,SIX SWISS EXCHANGE,NOVN
SRP,LONDON STOCK EXCHANGE,SRP
SN.,LONDON STOCK EXCHANGE,SN.
TRYG,NASDAQ COPENHAGEN A/S,TRYG
POST,WIENER BOERSE AG AMTLICHER HANDEL (OFFICIAL MARKET),POST
SPX,LONDON STOCK EXCHANGE,SPX
ULVR,LONDON STOCK EXCHANGE,ULVR
BALN,SIX SWISS EXCHANGE,BALN
ZURN,SIX SWISS EXCHANGE,ZURN
NESN,SIX SWISS EXCHANGE,NESN
ROG,SIX SWISS EXCHANGE,ROG
CFR,SIX SWISS EXCHANGE,CFR
CFT,SIX SWISS EXCHANGE,CFT
SGSN,SIX SWISS EXCHANGE,SGSN
FME,XETRA,FME.DE
LEHN,SIX SWISS EXCHANGE,LEHN
LOGN,SIX SWISS EXCHANGE,LOGN
SCHP,SIX SWISS EXCHANGE,SCHP
SFZN,SIX SWISS EXCHANGE,SFZN
SIKA,SIX SWISS EXCHANGE,SIKA
ENT,LONDON STOCK EXCHANGE,ENT
SKAN,SIX SWISS EXCHANGE,SKAN
IG,ELECTRONIC SHARE MARKET,IG
DOM,LONDON STOCK EXCHANGE,DOM
APAM,EURONEXT - EURONEXT AMSTERDAM,APAM
SREN,SIX SWISS EXCHANGE,SREN
ALD,EURONEXT - EURONEXT PARIS,ALD
PGHN,SIX SWISS EXCHANGE,PGHN
CATE,NASDAQ STOCKHOLM AB,CATE
WCH,XETRA,WCH.DE
VLTSA,EURONEXT - EURONEXT PARIS,VLTSA
SPOL,OSLO BORS ASA,SPOL
MCOV B,NASDAQ STOCKHOLM AB,MCOV B
MVC,BOLSA DE MADRID,MVC
TELIA,NASDAQ STOCKHOLM AB,TELIA
DIA,ELECTRONIC SHARE MARKET,DIA
CAST,NASDAQ STOCKHOLM AB,CAST
COLO B,NASDAQ COPENHAGEN A/S,COLO B
GRP,IRISH STOCK EXCHANGE - ALL MARKET,GRP
SMS,LONDON STOCK EXCHANGE,SMS
GN,NASDAQ COPENHAGEN A/S,GN
FLS,NASDAQ COPENHAGEN A/S,FLS
VPK,EURONEXT - EURONEXT AMSTERDAM,VPK
WKL,EURONEXT - EURONEXT AMSTERDAM,WKL
BETS B,NASDAQ STOCKHOLM AB,BETS B
MOWI,OSLO BORS ASA,MOWI
AKER,OSLO BORS ASA,AKER
ATEA,OSLO BORS ASA,ATEA
ORK,OSLO BORS ASA,ORK
ISP,ELECTRONIC SHARE MARKET,ISP
UCG,ELECTRONIC SHARE MARKET,UCG
US,ELECTRONIC SHARE MARKET,US
LATO B,NASDAQ STOCKHOLM AB,LATO B
SHB A,NASDAQ STOCKHOLM AB,SHB A
SAMPO,NASDAQ HELSINKI LTD,SAMPO
CHEMM,NASDAQ COPENHAGEN A/S,CHEMM
RHIM,LONDON STOCK EXCHANGE,RHIM
AIXA,XETRA,AIXA.DE
MTELEKOM,BUDAPEST STOCK EXCHANGE,MTELEKOM
TAVHL.E,BORSA ISTANBUL - EQUITY MARKET,TAVHL.E
JTC,LONDON STOCK EXCHANGE,JTC
CCOLA.E,BORSA ISTANBUL - EQUITY MARKET,CCOLA.E
SAFE,LONDON STOCK EXCHANGE,SAFE
1U1,XETRA,1U1.DE
DWS,XETRA,DWS.DE
ARG,EURONEXT - EURONEXT PARIS,ARG
ENJSA.E,BORSA ISTANBUL - EQUITY MARKET,ENJSA.E
NYF,NASDAQ STOCKHOLM AB,NYF
SLR,BOLSA DE MADRID,SLR
KRDMD.E,BORSA ISTANBUL - EQUITY MARKET,KRDMD.E
NDA,XETRA,NDA.DE
VNA,XETRA,VNA.DE
SESG,EURONEXT - EURONEXT PARIS,SESG
DOC,WIENER BOERSE AG AMTLICHER HANDEL (OFFICIAL MARKET),DOC
MONY,LONDON STOCK EXCHANGE,MONY
SOL,ELECTRONIC SHARE MARKET,SOL
ECV,XETRA,ECV.DE
BEAN,SIX SWISS EXCHANGE,BEAN
KSB,XETRA,KSB.DE
NN,EURONEXT - EURONEXT AMSTERDAM,NN
NP3,NASDAQ STOCKHOLM AB,NP3
CABK,BOLSA DE MADRID,CABK
ATE,EURONEXT - EURONEXT PARIS,ATE
EVK,XETRA,EVK.DE
SIGN,SIX SWISS EXCHANGE,SIGN
KGX,XETRA,KGX.DE
TENERGY,ATHENS EXCHANGE S.A. CASH MARKET,TENERGY
AKSA.E,BORSA ISTANBUL - EQUITY MARKET,AKSA.E
ALARK.E,BORSA ISTANBUL - EQUITY MARKET,ALARK.E
BCP,OPERADOR DE MERCADO IBERICO DE ENERGIA - PORTUGAL,BCP
UTG,LONDON STOCK EXCHANGE,UTG
PAL,WIENER BOERSE AG AMTLICHER HANDEL (OFFICIAL MARKET),PAL
VSVS,LONDON STOCK EXCHANGE,VSVS
CIMSA.E,BORSA ISTANBUL - EQUITY MARKET,CIMSA.E
ENI,ELECTRONIC SHARE MARKET,ENI
EREGL.E,BORSA ISTANBUL - EQUITY MARKET,EREGL.E
EBS,WIENER BOERSE AG AMTLICHER HANDEL (OFFICIAL MARKET),EBS
ADE,OSLO BORS ASA,ADE
GFTU,LONDON STOCK EXCHANGE,GFTU
ALE,WARSAW STOCK EXCHANGE/EQUITIES/MAIN MARKET,ALE
VIE,EURONEXT - EURONEXT PARIS,VIE
LONN,SIX SWISS EXCHANGE,LONN
37773,XETRA,37773.DE
FRES,LONDON STOCK EXCHANGE,FRES
WRT1V,NASDAQ HELSINKI LTD,WRT1V
KWS,LONDON STOCK EXCHANGE,KWS
PLUS,LONDON STOCK EXCHANGE,PLUS
EPRO B,NASDAQ STOCKHOLM AB,EPRO B
TKO,EURONEXT - EURONEXT PARIS,TKO
PETKM.E,BORSA ISTANBUL - EQUITY MARKET,PETKM.E
VAKBN.E,BORSA ISTANBUL - EQUITY MARKET,VAKBN.E
SECU B,NASDAQ STOCKHOLM AB,SECU B
BYG,LONDON STOCK EXCHANGE,BYG
BEIJ B,NASDAQ STOCKHOLM AB,BEIJ B
SPNO,NASDAQ COPENHAGEN A/S,SPNO
HTWS,LONDON STOCK EXCHANGE,HTWS
EQNR,OSLO BORS ASA,EQNR
SQN,SIX SWISS EXCHANGE,SQN
CEM,ELECTRONIC SHARE MARKET,CEM
BFSA,XETRA,BFSA.DE
THYAO.E,BORSA ISTANBUL - EQUITY MARKET,THYAO.E
DATA,LONDON STOCK EXCHANGE,DATA
COR,OPERADOR DE MERCADO IBERICO DE ENERGIA - PORTUGAL,COR
GNS,LONDON STOCK EXCHANGE,GNS
ENTRA,OSLO BORS ASA,ENTRA
AMBU B,NASDAQ COPENHAGEN A/S,AMBU B
JDEP,EURONEXT - EURONEXT AMSTERDAM,JDEP
DHL,XETRA,DHL.DE
FHZN,SIX SWISS EXCHANGE,FHZN
TCAP,LONDON STOCK EXCHANGE,TCAP
REY,ELECTRONIC SHARE MARKET,REY
SCHA,OSLO BORS ASA,SCHA
MRL,BOLSA DE MADRID,MRL
AZA,NASDAQ STOCKHOLM AB,AZA
CADLR,OSLO BORS ASA,CADLR
CPR,ELECTRONIC SHARE MARKET,CPR
TPRO,ELECTRONIC SHARE MARKET,TPRO
QLT,LONDON STOCK EXCHANGE,QLT
BG,WIENER BOERSE AG AMTLICHER HANDEL (OFFICIAL MARKET),BG
EVD,XETRA,EVD.DE
SOI,EURONEXT - EURONEXT PARIS,SOI
LOG,BOLSA DE MADRID,LOG
GETI B,NASDAQ STOCKHOLM AB,GETI B
KBCA,EURONEXT - EURONEXT BRUSSELS,KBCA
SUBC,OSLO BORS ASA,SUBC
EMMN,SIX SWISS EXCHANGE,EMMN
ADDT B,NASDAQ STOCKHOLM AB,ADDT B
LAGR B,NASDAQ STOCKHOLM AB,LAGR B
ARGX,EURONEXT - EURONEXT BRUSSELS,ARGX
INF,LONDON STOCK EXCHANGE,INF
SRG,ELECTRONIC SHARE MARKET,SRG
BMPS,ELECTRONIC SHARE MARKET,BMPS
BUR,LONDON STOCK EXCHANGE,BUR
YUBICO,FIRST NORTH SWEDEN - SME GROWTH MARKET,YUBICO
PCO,WARSAW STOCK EXCHANGE/EQUITIES/MAIN MARKET,PCO
ORSTED,NASDAQ COPENHAGEN A/S,ORSTED
ARCAD,EURONEXT - EURONEXT AMSTERDAM,ARCAD
AGR,LONDON STOCK EXCHANGE,AGR
VIMIAN,FIRST NORTH SWEDEN - SME GROWTH MARKET,VIMIAN
MBK,WARSAW STOCK EXCHANGE/EQUITIES/MAIN MARKET,MBK
ITP,EURONEXT - EURONEXT PARIS,ITP
ABN,EURONEXT - EURONEXT AMSTERDAM,ABN
MMK,WIENER BOERSE AG AMTLICHER HANDEL (OFFICIAL MARKET),MMK
KNIN,SIX SWISS EXCHANGE,KNIN
DTG,XETRA,DTG.DE
PROT,OSLO BORS ASA,PROT
KEDA,SIX SWISS EXCHANGE,KEDA
IHP,LONDON STOCK EXCHANGE,IHP
OTP,BUDAPEST STOCK EXCHANGE,OTP
AUTO,OSLO BORS ASA,AUTO
LSEG,LONDON STOCK EXCHANGE,LSEG
THG,LONDON STOCK EXCHANGE,THG
DIM,EURONEXT - EURONEXT PARIS,DIM
VIG,WIENER BOERSE AG AMTLICHER HANDEL (OFFICIAL MARKET),VIG
1COV,XETRA,1COV.DE
KOMB,PRAGUE STOCK EXCHANGE,KOMB
COFB,EURONEXT - EURONEXT BRUSSELS,COFB
1SXP,XETRA,1SXP.DE
HER,ELECTRONIC SHARE MARKET,HER
XIOR,EURONEXT - EURONEXT BRUSSELS,XIOR
FTK,XETRA,FTK.DE
HLE,XETRA,HLE.DE
VACN,SIX SWISS EXCHANGE,VACN
TRMD A,NASDAQ COPENHAGEN A/S,TRMD A
SNGS,MOSCOW EXCHANGE - ALL MARKETS,SNGS
SEM,OPERADOR DE MERCADO IBERICO DE ENERGIA - PORTUGAL,SEM
TRN,ELECTRONIC SHARE MARKET,TRN
MRK,XETRA,MRK.DE
DOAS.E,BORSA ISTANBUL - EQUITY MARKET,DOAS.E
BIM,EURONEXT - EURONEXT PARIS,BIM
GRF,BOLSA DE MADRID,GRF
NG.,LONDON STOCK EXCHANGE,NG.
CGCBV,NASDAQ HELSINKI LTD,CGCBV
AKE,EURONEXT - EURONEXT PARIS,AKE
BRKN,SIX SWISS EXCHANGE,BRKN
PZU,WARSAW STOCK EXCHANGE/EQUITIES/MAIN MARKET,PZU
KOJAMO,NASDAQ HELSINKI LTD,KOJAMO
LDA,BOLSA DE MADRID,LDA
VETO,EURONEXT - EURONEXT PARIS,VETO
ZEAL,NASDAQ COPENHAGEN A/S,ZEAL
SFER,ELECTRONIC SHARE MARKET,SFER
RENE,OPERADOR DE MERCADO IBERICO DE ENERGIA - PORTUGAL,RENE
AEGN,ATHENS EXCHANGE S.A. CASH MARKET,AEGN
BFF,ELECTRONIC SHARE MARKET,BFF
PIA,ELECTRONIC SHARE MARKET,PIA
TOM2,EURONEXT - EURONEXT AMSTERDAM,TOM2
DESN,SIX SWISS EXCHANGE,DESN
AAK,NASDAQ STOCKHOLM AB,AAK
KNEBV,NASDAQ HELSINKI LTD,KNEBV
