Ticker,Exchange,Full ticker,Last traded price
BEKB,EURONEXT - EURONEXT BRUSSELS,BEKB.BR,47.36
COLR,EURONEXT - EURONEXT BRUSSELS,COLR.BR,40.37
PHIA,EURONEXT - EURONEXT AMSTERDAM,PHIA.AS,18.65
BAS,XETRA,BAS.DE,46.6
BIMAS.E,BORSA ISTANBUL - EQUITY MARKET,BIMAS.E,0
BOSS,XETRA,BOSS.DE,63.3
DUE,XETRA,DUE.DE,19.96
HLAG,XETRA,HLAG.DE,135.6
HEN3,XETRA,HEN3.DE,70.28
RUSTA,NASDAQ STOCKHOLM AB,RUSTA.ST,67.67
PUM,XETRA,PUM.DE,42.31
SIE,XETRA,SIE.DE,175.3
WUW,XETRA,WUW.DE,13.36
ACX,BOLSA DE MADRID,ACX.MC,10.26
EBRO,BOLSA DE MADRID,EBRO.MC,14.78
BNP,EURONEXT - EURONEXT PARIS,BNP.PA,56.39
EN,EURONEXT - EURONEXT PARIS,EN.PA,34.26
ENR,XETRA,ENR.DE,13.73
SCR,EURONEXT - EURONEXT PARIS,SCR.PA,28.7
VCT,EURONEXT - EURONEXT PARIS,VCT.PA,35
EL,EURONEXT - EURONEXT PARIS,EL.PA,194.32
RF,EURONEXT - EURONEXT PARIS,RF.PA,78.4
FLY,EURONEXT - EURONEXT PARIS,FLY.PA,68.8
COV,EURONEXT - EURONEXT PARIS,COV.PA,42.8
FII,EURONEXT - EURONEXT PARIS,FII.PA,23.55
NK,EURONEXT - EURONEXT PARIS,NK.PA,31.1
MC,EURONEXT - EURONEXT PARIS,MC.PA,850.1
ML,EURONEXT - EURONEXT PARIS,ML.PA,34.17
POM,EURONEXT - EURONEXT PARIS,POM.PA,10.78
KER,EURONEXT - EURONEXT PARIS,KER.PA,425.65
PUB,EURONEXT - EURONEXT PARIS,PUB.PA,98.44
RBT,EURONEXT - EURONEXT PARIS,RBT.PA,791
VIRP,EURONEXT - EURONEXT PARIS,VIRP.PA,347
BAB,LONDON STOCK EXCHANGE,BAB.L,497.6
XTB,WARSAW STOCK EXCHANGE/EQUITIES/MAIN MARKET,XTB.WA,46.48
BATS,LONDON STOCK EXCHANGE,BATS.L,2388
BOY,LONDON STOCK EXCHANGE,BOY.L,618
BNZL,LONDON STOCK EXCHANGE,BNZL.L,3306
CKN,LONDON STOCK EXCHANGE,CKN.L,3540
DPLM,LONDON STOCK EXCHANGE,DPLM.L,3428
HLMA,LONDON STOCK EXCHANGE,HLMA.L,2362
ELM,LONDON STOCK EXCHANGE,ELM.L,139.6
HAS,LONDON STOCK EXCHANGE,HAS.L,95
RDC,XETRA,RDC.DE,140.8
HILS,LONDON STOCK EXCHANGE,HILS.L,1824
HSBA,LONDON STOCK EXCHANGE,HSBA.L,597.2
KRZ,IRISH STOCK EXCHANGE - ALL MARKET,KRZ.IR,81.76
SDR,LONDON STOCK EXCHANGE,SDR.L,397.5
SVT,LONDON STOCK EXCHANGE,SVT.L,2529
SMIN,LONDON STOCK EXCHANGE,SMIN.L,1634.5
STAN,LONDON STOCK EXCHANGE,STAN.L,635
TPK,LONDON STOCK EXCHANGE,TPK.L,756.2
WTB,LONDON STOCK EXCHANGE,WTB.L,3509
OERL,SIX SWISS EXCHANGE,OERL.SW,4.41
DAE,SIX SWISS EXCHANGE,DAE.SW,188.6
EMSN,SIX SWISS EXCHANGE,EMSN.SW,637
GF,SIX SWISS EXCHANGE,GF.SW,66.8
HOLN,SIX SWISS EXCHANGE,HOLN.SW,69.32
KARN,SIX SWISS EXCHANGE,KARN.SW,235.5
IMB,LONDON STOCK EXCHANGE,IMB.L,1829
DRX,LONDON STOCK EXCHANGE,DRX.L,421.9
TECN,SIX SWISS EXCHANGE,TECN.SW,359.4
VONN,SIX SWISS EXCHANGE,VONN.SW,53.8
LRE,LONDON STOCK EXCHANGE,LRE.L,653.5
MONC,ELECTRONIC SHARE MARKET,MONC,0
NEXI,ELECTRONIC SHARE MARKET,NEXI,6.76
VU,EURONEXT - EURONEXT PARIS,VU.PA,154.4
TEL,OSLO BORS ASA,TEL.OL,115.85
ISS,NASDAQ COPENHAGEN A/S,ISS.CO,123.8
GALE,SIX SWISS EXCHANGE,GALE.SW,78
GEN,LONDON STOCK EXCHANGE,GEN.L,403.5
NKT,NASDAQ COPENHAGEN A/S,NKT.CO,513.5
DNORD,NASDAQ COPENHAGEN A/S,DNORD.CO,304.2
SYDB,NASDAQ COPENHAGEN A/S,SYDB.CO,320.8
TOP,NASDAQ COPENHAGEN A/S,TOP.CO,313
AD,EURONEXT - EURONEXT AMSTERDAM,AD.AS,27.66
AKZA,EURONEXT - EURONEXT AMSTERDAM,AKZA.AS,68.48
HEIA,EURONEXT - EURONEXT AMSTERDAM,HEIA.AS,89.12
SES,ELECTRONIC SHARE MARKET,SES,1.38
BONEX,NASDAQ STOCKHOLM AB,BONEX.ST,193.5
SOKM.E,BORSA ISTANBUL - EQUITY MARKET,SOKM.E,0
BELA,ATHENS EXCHANGE S.A. CASH MARKET,BELA.AT,27.36
ASHM,LONDON STOCK EXCHANGE,ASHM.L,215.4
IOS,XETRA,IOS.DE,20.95
NHY,OSLO BORS ASA,NHY.OL,56.16
STB,OSLO BORS ASA,STB.OL,95.36
OLT,OSLO BORS ASA,OLT.OL,202
TOM,OSLO BORS ASA,TOM.OL,146.15
PNDX-B,NASDAQ STOCKHOLM AB,PNDX-B.ST,155.3
G,ELECTRONIC SHARE MARKET,G,36.3
ITM,ELECTRONIC SHARE MARKET,ITM,46.69
TIT,ELECTRONIC SHARE MARKET,TIT,0
AED,EURONEXT - EURONEXT BRUSSELS,AED.BR,55.6
SEB-A,NASDAQ STOCKHOLM AB,SEB-A.ST,150.45
SKA-B,NASDAQ STOCKHOLM AB,SKA-B.ST,185.15
SKF-B,NASDAQ STOCKHOLM AB,SKF-B.ST,221.6
TREL-B,NASDAQ STOCKHOLM AB,TREL-B.ST,373.7
KESKOB,NASDAQ HELSINKI LTD,KESKOB.HE,17.75
OUT1V,NASDAQ HELSINKI LTD,OUT1V.HE,4.06
NOKIA,NASDAQ HELSINKI LTD,NOKIA.HE,3.28
777,XETRA,777.DE,0
TIETO,NASDAQ HELSINKI LTD,TIETO.HE,22.04
PKO,WARSAW STOCK EXCHANGE/EQUITIES/MAIN MARKET,PKO.WA,56.5
SL,ELECTRONIC SHARE MARKET,SL,0
MELE,EURONEXT - EURONEXT BRUSSELS,MELE.BR,78.85
ELISA,NASDAQ HELSINKI LTD,ELISA.HE,42.81
NEWA-B,NASDAQ STOCKHOLM AB,NEWA-B.ST,123.8
WLN,EURONEXT - EURONEXT PARIS,WLN.PA,11.6
FRAS,LONDON STOCK EXCHANGE,FRAS.L,834
NVG,OPERADOR DE MERCADO IBERICO DE ENERGIA - PORTUGAL,NVG.LS,3.73
SHL,XETRA,SHL.DE,54.62
PRY,ELECTRONIC SHARE MARKET,PRY,0
TPE,WARSAW STOCK EXCHANGE/EQUITIES/MAIN MARKET,TPE.WA,3.6
ALM,BOLSA DE MADRID,ALM.MC,8.28
MNDI,LONDON STOCK EXCHANGE,MNDI.L,1425.5
FAGR,EURONEXT - EURONEXT BRUSSELS,FAGR.BR,18.04
NETC,NASDAQ COPENHAGEN A/S,NETC.CO,300
HPOL-B,NASDAQ STOCKHOLM AB,HPOL-B.ST,120.8
YCA,LONDON STOCK EXCHANGE,YCA.L,630.5
GAW,LONDON STOCK EXCHANGE,GAW.L,9725
ERF,EURONEXT - EURONEXT PARIS,ERF.PA,58.02
MAIRE,ELECTRONIC SHARE MARKET,MAIRE,0
SWEC-B,NASDAQ STOCKHOLM AB,SWEC-B.ST,110.1
DHER,XETRA,DHER.DE,22.24
RKT,LONDON STOCK EXCHANGE,RKT.L,5822
GYC,XETRA,GYC.DE,8.68
BAVA,NASDAQ COPENHAGEN A/S,BAVA.CO,175.4
HMS,NASDAQ STOCKHOLM AB,HMS.ST,446.8
TFF,EURONEXT - EURONEXT PARIS,TFF.PA,45
MVV1,XETRA,MVV1.DE,34.6
TITC,EURONEXT - EURONEXT BRUSSELS,TITC.BR,25.85
O2D,XETRA,O2D.DE,2.39
PKTM,SIX SWISS EXCHANGE,PKTM.SW,45.85
ANOD-B,NASDAQ STOCKHOLM AB,ANOD-B.ST,113.4
BPE,ELECTRONIC SHARE MARKET,BPE,0
GCO,BOLSA DE MADRID,GCO.MC,33.95
VIT-B,NASDAQ STOCKHOLM AB,VIT-B.ST,552.5
MNG,LONDON STOCK EXCHANGE,MNG.L,224.6
AEVS,SIX SWISS EXCHANGE,AEVS.SW,15.4
DSV,NASDAQ COPENHAGEN A/S,DSV.CO,1120.5
HEXA-B,NASDAQ STOCKHOLM AB,HEXA-B.ST,121.75
OCI,EURONEXT - EURONEXT AMSTERDAM,OCI.AS,25.1
OVH,EURONEXT - EURONEXT PARIS,OVH.PA,9.14
BANB,SIX SWISS EXCHANGE,BANB.SW,68.15
NETW,LONDON STOCK EXCHANGE,NETW.L,384.4
BRAV,NASDAQ STOCKHOLM AB,BRAV.ST,85.35
MGROS.E,BORSA ISTANBUL - EQUITY MARKET,MGROS.E,0
TRIG,LONDON STOCK EXCHANGE,TRIG.L,129.13
ARYN,SIX SWISS EXCHANGE,ARYN.SW,1.56
NOLA-B,NASDAQ STOCKHOLM AB,NOLA-B.ST,43.86
SSE,LONDON STOCK EXCHANGE,SSE.L,1586.5
RAND,EURONEXT - EURONEXT AMSTERDAM,RAND.AS,51.52
SPSN,SIX SWISS EXCHANGE,SPSN.SW,86.1
ECMPA,EURONEXT - EURONEXT AMSTERDAM,ECMPA.AS,20.16
SSAB-A,NASDAQ STOCKHOLM AB,SSAB-A.ST,81.14
JUST,LONDON STOCK EXCHANGE,JUST.L,79.9
BBOX,LONDON STOCK EXCHANGE,BBOX.L,179.52
YACHT,ELECTRONIC SHARE MARKET,YACHT,0
TOASO.E,BORSA ISTANBUL - EQUITY MARKET,TOASO.E,0
GARAN.E,BORSA ISTANBUL - EQUITY MARKET,GARAN.E,0
BIOT,NASDAQ STOCKHOLM AB,BIOT.ST,169
NXU,XETRA,NXU.DE,58
FABG,NASDAQ STOCKHOLM AB,FABG.ST,87.08
PST,ELECTRONIC SHARE MARKET,PST,23.55
LTMC,ELECTRONIC SHARE MARKET,LTMC,0
BPSO,ELECTRONIC SHARE MARKET,BPSO,0
VESTL.E,BORSA ISTANBUL - EQUITY MARKET,VESTL.E,0
RICHTER,BUDAPEST STOCK EXCHANGE,RICHTER.BUD,0
LOOMIS,NASDAQ STOCKHOLM AB,LOOMIS.ST,280.8
P911,XETRA,P911.DE,82.66
TXGN,SIX SWISS EXCHANGE,TXGN.SW,131.2
TOD,ELECTRONIC SHARE MARKET,TOD,0
EZJ,LONDON STOCK EXCHANGE,EZJ.L,545.8
MOBN,SIX SWISS EXCHANGE,MOBN.SW,266
DHG,IRISH STOCK EXCHANGE - ALL MARKET,DHG.IR,4.92
JDW,LONDON STOCK EXCHANGE,JDW.L,804
GPP,WARSAW STOCK EXCHANGE/EQUITIES/MAIN MARKET,GPP.WA,61.1
ENX,EURONEXT - EURONEXT PARIS,ENX.PA,85.25
NA9,XETRA,NA9.DE,89.15
STLAM,ELECTRONIC SHARE MARKET,STLAM,0
HAG,XETRA,HAG.DE,31.36
SPI,LONDON STOCK EXCHANGE,SPI.L,241.5
BAKKA,OSLO BORS ASA,BAKKA.OL,652
RMS,EURONEXT - EURONEXT PARIS,RMS.PA,2301
UBSG,SIX SWISS EXCHANGE,UBSG.SW,24.72
SAB,BOLSA DE MADRID,SAB.MC,1.19
NEX,EURONEXT - EURONEXT PARIS,NEX.PA,95.35
ALR,WARSAW STOCK EXCHANGE/EQUITIES/MAIN MARKET,ALR.WA,88.3
TEMN,SIX SWISS EXCHANGE,TEMN.SW,64.28
DLG,ELECTRONIC SHARE MARKET,DLG,0
MAREL,NASDAQ ICELAND HF.,MAREL.IC,489
GEKTERNA,ATHENS EXCHANGE S.A. CASH MARKET,GEKTERNA.AT,14.38
EUROB,ATHENS EXCHANGE S.A. CASH MARKET,EUROB.AT,1.9
ORA,EURONEXT - EURONEXT PARIS,ORA.PA,10.77
INPST,EURONEXT - EURONEXT AMSTERDAM,INPST.AS,14.82
TE,EURONEXT - EURONEXT PARIS,TE.PA,20.05
FGP,LONDON STOCK EXCHANGE,FGP.L,154
MIL,WARSAW STOCK EXCHANGE/EQUITIES/MAIN MARKET,MIL.WA,9.7
BCGE,SIX SWISS EXCHANGE,BCGE.SW,265
ARLN,HANSEATISCHE WERTPAPIERBOERSE HAMBURG,ARLN.HM,33.2
ZEG,LONDON STOCK EXCHANGE,ZEG.L,234
ITRK,LONDON STOCK EXCHANGE,ITRK.L,4645
AZE,EURONEXT - EURONEXT BRUSSELS,AZE.BR,19.4
INVP,LONDON STOCK EXCHANGE,INVP.L,516.4
SRBNK,OSLO BORS ASA,SRBNK.OL,127.6
CRN,LONDON STOCK EXCHANGE,CRN.L,127
KEMPOWR,FIRST NORTH FINLAND - SME GROWTH MARKET,KEMPOWR.HE,24.3
PSM,XETRA,PSM.DE,6.14
AMS,BOLSA DE MADRID,AMS.MC,60.26
TEN,ELECTRONIC SHARE MARKET,TEN,0
FIE,XETRA,FIE.DE,43.8
WWI,OSLO BORS ASA,WWI.OL,380
MMT,EURONEXT - EURONEXT PARIS,MMT.PA,12.56
DCC,LONDON STOCK EXCHANGE,DCC.L,5782
ASSA-B,NASDAQ STOCKHOLM AB,ASSA-B.ST,294.6
EDEN,EURONEXT - EURONEXT PARIS,EDEN.PA,50.24
STMPA,EURONEXT - EURONEXT PARIS,STMPA.PA,41.54
FLE,EURONEXT - EURONEXT AMSTERDAM,FLE.AS,9
SINCH,NASDAQ STOCKHOLM AB,SINCH.ST,27.54
EXN,EURONEXT - EURONEXT PARIS,EXN.PA,17.06
DWL,LONDON STOCK EXCHANGE,DWL.L,85.56
BREE,LONDON STOCK EXCHANGE,BREE.L,372
BDX,WARSAW STOCK EXCHANGE/EQUITIES/MAIN MARKET,BDX.WA,704
AGN,EURONEXT - EURONEXT AMSTERDAM,AGN.AS,5.4
NAS,OSLO BORS ASA,NAS.OL,16.59
WAF,XETRA,WAF.DE,88
LAMDA,ATHENS EXCHANGE S.A. CASH MARKET,LAMDA.AT,6.87
RED,BOLSA DE MADRID,RED.MC,14.79
MOL,BUDAPEST STOCK EXCHANGE,MOL.BUD,0
AZM,ELECTRONIC SHARE MARKET,AZM,0
DOKA,SIX SWISS EXCHANGE,DOKA.SW,453
YPSN,SIX SWISS EXCHANGE,YPSN.SW,356.5
HBMN,SIX SWISS EXCHANGE,HBMN.SW,171.2
H2O,SPOT REGULATED MARKET - BVB,H2O,0
SSPG,LONDON STOCK EXCHANGE,SSPG.L,233
SY1,XETRA,SY1.DE,97.08
HIK,LONDON STOCK EXCHANGE,HIK.L,2074
MTX,XETRA,MTX.DE,215.5
JSW,WARSAW STOCK EXCHANGE/EQUITIES/MAIN MARKET,JSW.WA,43.57
SRAIL,SIX SWISS EXCHANGE,SRAIL.SW,28.3
DOCM,SIX SWISS EXCHANGE,DOCM.SW,88.1
RBI,WIENER BOERSE AG AMTLICHER HANDEL (OFFICIAL MARKET),RBI,0
NESTE,NASDAQ HELSINKI LTD,NESTE.HE,26.91
YOU,LONDON STOCK EXCHANGE,YOU.L,1150
PEP,WARSAW STOCK EXCHANGE/EQUITIES/MAIN MARKET,PEP.WA,74.8
EVN,WIENER BOERSE AG AMTLICHER HANDEL (OFFICIAL MARKET),EVN,10.18
OMV,WIENER BOERSE AG AMTLICHER HANDEL (OFFICIAL MARKET),OMV,0
STR,WIENER BOERSE AG AMTLICHER HANDEL (OFFICIAL MARKET),STR,21.67
UCB,EURONEXT - EURONEXT BRUSSELS,UCB.BR,96.42
ALV,XETRA,ALV.DE,246.5
KCR,NASDAQ HELSINKI LTD,KCR.HE,48.45
BYW6,XETRA,BYW6.DE,29.15
DBK,XETRA,DBK.DE,12.39
KRN,XETRA,KRN.DE,113.4
G1A,XETRA,G1A.DE,37.63
PAH3,XETRA,PAH3.DE,48.83
TUI1,XETRA,TUI1.DE,6.6
RWE,XETRA,RWE.DE,30.97
TKA,XETRA,TKA.DE,4.4
CIE,BOLSA DE MADRID,CIE.MC,24.56
IDR,BOLSA DE MADRID,IDR.MC,15.93
ANA,BOLSA DE MADRID,ANA.MC,104.65
ELE,BOLSA DE MADRID,ELE.MC,16.73
FAE,BOLSA DE MADRID,FAE.MC,3.02
IBE,BOLSA DE MADRID,IBE.MC,10.63
MAP,BOLSA DE MADRID,MAP.MC,1.97
TBCG,LONDON STOCK EXCHANGE,TBCG.L,3055
SCYR,BOLSA DE MADRID,SCYR.MC,3.05
AI,EURONEXT - EURONEXT PARIS,AI.PA,189.5
NOD,OSLO BORS ASA,NOD.OL,91.8
TEL2-B,NASDAQ STOCKHOLM AB,TEL2-B.ST,83.42
BEN,EURONEXT - EURONEXT PARIS,BEN.PA,12.4
AM,EURONEXT - EURONEXT PARIS,AM.PA,182.3
FGR,EURONEXT - EURONEXT PARIS,FGR.PA,98.6
OR,EURONEXT - EURONEXT PARIS,OR.PA,450.2
MF,EURONEXT - EURONEXT PARIS,MF.PA,90.8
ANE,BOLSA DE MADRID,ANE.MC,19.78
MMB,EURONEXT - EURONEXT PARIS,MMB.PA,20.5
RCO,EURONEXT - EURONEXT PARIS,RCO.PA,99.56
ADEN,SIX SWISS EXCHANGE,ADEN.SW,37.31
DSY,EURONEXT - EURONEXT PARIS,DSY.PA,43.33
AHT,LONDON STOCK EXCHANGE,AHT.L,5466
BWY,LONDON STOCK EXCHANGE,BWY.L,2760
FOUR,LONDON STOCK EXCHANGE,FOUR.L,5530
GJF,OSLO BORS ASA,GJF.OL,172.7
GBF,XETRA,GBF.DE,42.76
COA,LONDON STOCK EXCHANGE,COA.L,68.7
CPG,LONDON STOCK EXCHANGE,CPG.L,2181
CRDA,LONDON STOCK EXCHANGE,CRDA.L,4925
RS1,LONDON STOCK EXCHANGE,RS1.L,787.6
SXS,LONDON STOCK EXCHANGE,SXS.L,3696
REDD,LONDON STOCK EXCHANGE,REDD.L,347
DGE,LONDON STOCK EXCHANGE,DGE.L,2986
HAL,EURONEXT - EURONEXT AMSTERDAM,HAL.AS,116.4
INCH,LONDON STOCK EXCHANGE,INCH.L,657.5
HELN,SIX SWISS EXCHANGE,HELN.SW,125.4
KGF,LONDON STOCK EXCHANGE,KGF.L,229.3
PAG,LONDON STOCK EXCHANGE,PAG.L,644.5
VAR,OSLO BORS ASA,VAR.OL,30.52
NXT,LONDON STOCK EXCHANGE,NXT.L,8444
OXIG,LONDON STOCK EXCHANGE,OXIG.L,2170
PRU,LONDON STOCK EXCHANGE,PRU.L,819.6
STJ,LONDON STOCK EXCHANGE,STJ.L,643
NWG,LONDON STOCK EXCHANGE,NWG.L,231.5
SVS,LONDON STOCK EXCHANGE,SVS.L,965
PNN,LONDON STOCK EXCHANGE,PNN.L,671.5
TW.,LONDON STOCK EXCHANGE,TW..L,0
TSCO,LONDON STOCK EXCHANGE,TSCO.L,279.7
ABBN,SIX SWISS EXCHANGE,ABBN.SW,40.37
BELL,SIX SWISS EXCHANGE,BELL.SW,261.5
SAVE,NASDAQ STOCKHOLM AB,SAVE.ST,186.3
BOSN,SIX SWISS EXCHANGE,BOSN.SW,214.5
BUCN,SIX SWISS EXCHANGE,BUCN.SW,377.4
JFN,SIX SWISS EXCHANGE,JFN.SW,168
HUBN,SIX SWISS EXCHANGE,HUBN.SW,63.5
LUKN,SIX SWISS EXCHANGE,LUKN.SW,71.9
REHN,SIX SWISS EXCHANGE,REHN.SW,51.4
BVIC,LONDON STOCK EXCHANGE,BVIC.L,879.5
EMBRAC-B,NASDAQ STOCKHOLM AB,EMBRAC-B.ST,17.73
CENER,EURONEXT - EURONEXT BRUSSELS,CENER.BR,6.86
ESSITY-B,NASDAQ STOCKHOLM AB,ESSITY-B.ST,243.6
HUSQ-B,NASDAQ STOCKHOLM AB,HUSQ-B.ST,81.7
DIOS,NASDAQ STOCKHOLM AB,DIOS.ST,75.15
SRS,ELECTRONIC SHARE MARKET,SRS,15.42
WAC,XETRA,WAC.DE,16.88
IPCO,NASDAQ STOCKHOLM AB,IPCO.ST,111.1
MTRS,NASDAQ STOCKHOLM AB,MTRS.ST,175.5
HALKB.E,BORSA ISTANBUL - EQUITY MARKET,HALKB.E,0
BETCO,NASDAQ STOCKHOLM AB,BETCO.ST,304.5
MAERSK-B,NASDAQ COPENHAGEN A/S,MAERSK-B.CO,10145
VBK,XETRA,VBK.DE,18.86
ALK-B,NASDAQ COPENHAGEN A/S,ALK-B.CO,129
NOVO-B,NASDAQ COPENHAGEN A/S,NOVO-B.CO,849
RYA,IRISH STOCK EXCHANGE - ALL MARKET,RYA.IR,20.45
SCHO,NASDAQ COPENHAGEN A/S,SCHO.CO,572
AALB,EURONEXT - EURONEXT AMSTERDAM,AALB.AS,40.2
CRBN,EURONEXT - EURONEXT AMSTERDAM,CRBN.AS,18.22
TWEKA,EURONEXT - EURONEXT AMSTERDAM,TWEKA.AS,38.68
ALESK,EURONEXT GROWTH PARIS,ALESK.PA,158
MONT,EURONEXT - EURONEXT BRUSSELS,MONT.BR,77.6
AAL,LONDON STOCK EXCHANGE,AAL.L,1786
UKCM,LONDON STOCK EXCHANGE,UKCM.L,79.83
MB,ELECTRONIC SHARE MARKET,MB,0
B4B,XETRA,B4B.DE,5.22
CE,ELECTRONIC SHARE MARKET,CE,149.38
REC,ELECTRONIC SHARE MARKET,REC,0
SPM,ELECTRONIC SHARE MARKET,SPM,0
LDO,ELECTRONIC SHARE MARKET,LDO,0
ATCO-A,NASDAQ STOCKHOLM AB,ATCO-A.ST,178.4
BOL,NASDAQ STOCKHOLM AB,BOL.ST,264.1
ELUX-B,NASDAQ STOCKHOLM AB,ELUX-B.ST,90.4
ERIC-B,NASDAQ STOCKHOLM AB,ERIC-B.ST,56.45
FAG,NASDAQ STOCKHOLM AB,FAG.ST,64.6
HUFV-A,NASDAQ STOCKHOLM AB,HUFV-A.ST,125
NCC-B,NASDAQ STOCKHOLM AB,NCC-B.ST,134.2
KGH,WARSAW STOCK EXCHANGE/EQUITIES/MAIN MARKET,KGH.WA,111.35
RATO-B,NASDAQ STOCKHOLM AB,RATO-B.ST,34.24
SAND,NASDAQ STOCKHOLM AB,SAND.ST,230.6
FSKRS,NASDAQ HELSINKI LTD,FSKRS.HE,16.12
HUH1V,NASDAQ HELSINKI LTD,HUH1V.HE,37.04
METSB,NASDAQ HELSINKI LTD,METSB.HE,6.8
SPL,WARSAW STOCK EXCHANGE/EQUITIES/MAIN MARKET,SPL.WA,555.5
EOAN,XETRA,EOAN.DE,11.8
AFG,OSLO BORS ASA,AFG.OL,121.6
ASM,EURONEXT - EURONEXT AMSTERDAM,ASM.AS,554.8
TLV,SPOT REGULATED MARKET - BVB,TLV,0
HHFA,XETRA,HHFA.DE,16.88
ELIS,EURONEXT - EURONEXT PARIS,ELIS.PA,21.44
CPS,WARSAW STOCK EXCHANGE/EQUITIES/MAIN MARKET,CPS.WA,11.65
SEPL,LONDON STOCK EXCHANGE,SEPL.L,137.8
HAUTO,OSLO BORS ASA,HAUTO.OL,106.4
SRE,LONDON STOCK EXCHANGE,SRE.L,86.2
KIN,EURONEXT - EURONEXT BRUSSELS,KIN.BR,43.5
DWNI,XETRA,DWNI.DE,19.65
SYSR,NASDAQ STOCKHOLM AB,SYSR.ST,79.5
MED,SIX SWISS EXCHANGE,MED.SW,74.7
FNOX,NASDAQ STOCKHOLM AB,FNOX.ST,74.28
BNOR,OSLO BORS ASA,BNOR.OL,519
EAT,WARSAW STOCK EXCHANGE/EQUITIES/MAIN MARKET,EAT.WA,28.5
VWS,NASDAQ COPENHAGEN A/S,VWS.CO,177.46
ACP,WARSAW STOCK EXCHANGE/EQUITIES/MAIN MARKET,ACP.WA,74.65
GET,EURONEXT - EURONEXT PARIS,GET.PA,15.61
LIFCO-B,NASDAQ STOCKHOLM AB,LIFCO-B.ST,278.5
BIOG-B,NASDAQ STOCKHOLM AB,BIOG-B.ST,126
JEN,XETRA,JEN.DE,29.86
KRU,WARSAW STOCK EXCHANGE/EQUITIES/MAIN MARKET,KRU.WA,452.6
TRGYO.E,BORSA ISTANBUL - EQUITY MARKET,TRGYO.E,0
MT,EURONEXT - EURONEXT AMSTERDAM,MT.AS,24.32
TCELL.E,BORSA ISTANBUL - EQUITY MARKET,TCELL.E,0
MOR,XETRA,MOR.DE,65.52
SPIE,EURONEXT - EURONEXT PARIS,SPIE.PA,31.16
BMED,ELECTRONIC SHARE MARKET,BMED,26.1
RDW,LONDON STOCK EXCHANGE,RDW.L,663
ADV,XETRA,ADV.DE,20.05
AAF,LONDON STOCK EXCHANGE,AAF.L,94.85
SECT-B,NASDAQ STOCKHOLM AB,SECT-B.ST,209.5
ROVI,BOLSA DE MADRID,ROVI.MC,71.05
SAGA-A,NASDAQ STOCKHOLM AB,SAGA-A.ST,251
PHNX,LONDON STOCK EXCHANGE,PHNX.L,504
VGP,EURONEXT - EURONEXT BRUSSELS,VGP.BR,107.3
ASELS.E,BORSA ISTANBUL - EQUITY MARKET,ASELS.E,0
KOZAL.E,BORSA ISTANBUL - EQUITY MARKET,KOZAL.E,0
IPS,EURONEXT - EURONEXT PARIS,IPS.PA,62.7
WPP,LONDON STOCK EXCHANGE,WPP.L,730
CMBN,SIX SWISS EXCHANGE,CMBN.SW,74.35
LEG,XETRA,LEG.DE,70.8
SPI,WIENER BOERSE AG AMTLICHER HANDEL (OFFICIAL MARKET),SPI,0.61
COL,BOLSA DE MADRID,COL.MC,5.12
ALO,EURONEXT - EURONEXT PARIS,ALO.PA,11.79
PEAB-B,NASDAQ STOCKHOLM AB,PEAB-B.ST,57.4
DNP,WARSAW STOCK EXCHANGE/EQUITIES/MAIN MARKET,DNP.WA,479.9
NCAB,NASDAQ STOCKHOLM AB,NCAB.ST,74.8
FER,BOLSA DE MADRID,FER.MC,34.9
WOSG,LONDON STOCK EXCHANGE,WOSG.L,425.6
XFAB,EURONEXT - EURONEXT PARIS,XFAB.PA,7.24
DIGI,SPOT REGULATED MARKET - BVB,DIGI,0
OX2,NASDAQ STOCKHOLM AB,OX2.ST,53.5
TRN,LONDON STOCK EXCHANGE,TRN.L,311.2
RAA,XETRA,RAA.DE,768.5
IFX,XETRA,IFX.DE,33.1
AIR,EURONEXT - EURONEXT PARIS,AIR.PA,147.96
PSPN,SIX SWISS EXCHANGE,PSPN.SW,114.5
AOF,XETRA,AOF.DE,237
ASRNL,EURONEXT - EURONEXT AMSTERDAM,ASRNL.AS,43.02
VOLCAR-B,NASDAQ STOCKHOLM AB,VOLCAR-B.ST,35.62
RWS,LONDON STOCK EXCHANGE,RWS.L,220.2
SRT,XETRA,SRT.DE,277
SON,OPERADOR DE MERCADO IBERICO DE ENERGIA - PORTUGAL,SON.LS,0.88
LSG,OSLO BORS ASA,LSG.OL,40.42
ITH,LONDON STOCK EXCHANGE,ITH.L,132.6
URW,EURONEXT - EURONEXT PARIS,URW.PA,68.7
AYGAZ.E,BORSA ISTANBUL - EQUITY MARKET,AYGAZ.E,0
BLV,EURONEXT - EURONEXT PARIS,BLV.PA,14.88
IGG,LONDON STOCK EXCHANGE,IGG.L,711.5
N91,LONDON STOCK EXCHANGE,N91.L,169
FUR,EURONEXT - EURONEXT AMSTERDAM,FUR.AS,18.47
BRISA.E,BORSA ISTANBUL - EQUITY MARKET,BRISA.E,0
GMAB,NASDAQ COPENHAGEN A/S,GMAB.CO,2013
CCL,LONDON STOCK EXCHANGE,CCL.L,1097
PETS,LONDON STOCK EXCHANGE,PETS.L,292.4
IFCN,SIX SWISS EXCHANGE,IFCN.SW,1400
ARN,ELECTRONIC SHARE MARKET,ARN,0
SGKN,SIX SWISS EXCHANGE,SGKN.SW,499.5
FLTR,LONDON STOCK EXCHANGE,FLTR.L,16670
AF,EURONEXT - EURONEXT PARIS,AF.PA,11.26
MOEX,MOSCOW EXCHANGE - ALL MARKETS,MOEX.ME,0
EQT,NASDAQ STOCKHOLM AB,EQT.ST,293.4
WIZZ,LONDON STOCK EXCHANGE,WIZZ.L,2221
FAN,LONDON STOCK EXCHANGE,FAN.L,416.4
DLG,LONDON STOCK EXCHANGE,DLG.L,166
BPT,LONDON STOCK EXCHANGE,BPT.L,271.2
BAER,SIX SWISS EXCHANGE,BAER.SW,47.31
DOCS,LONDON STOCK EXCHANGE,DOCS.L,97.6
LPP,WARSAW STOCK EXCHANGE/EQUITIES/MAIN MARKET,LPP.WA,18200
FRA,XETRA,FRA.DE,53.42
DEC,EURONEXT - EURONEXT PARIS,DEC.PA,19.92
TLX,XETRA,TLX.DE,67.3
GTT,EURONEXT - EURONEXT PARIS,GTT.PA,126.7
IDL,EURONEXT - EURONEXT PARIS,IDL.PA,322
OSSR,NASDAQ COPENHAGEN A/S,OSSR.CO,32.2
BYIT,LONDON STOCK EXCHANGE,BYIT.L,532.5
SNP,SPOT REGULATED MARKET - BVB,SNP,0
NEOEN,EURONEXT - EURONEXT PARIS,NEOEN.PA,22.86
JMT,OPERADOR DE MERCADO IBERICO DE ENERGIA - PORTUGAL,JMT.LS,22.22
INDV,LONDON STOCK EXCHANGE,INDV.L,1687
SWED-A,NASDAQ STOCKHOLM AB,SWED-A.ST,221.4
DARK,LONDON STOCK EXCHANGE,DARK.L,349.3
WISE,LONDON STOCK EXCHANGE,WISE.L,859
FPAR-A,NASDAQ STOCKHOLM AB,FPAR-A.ST,63.1
BCG,LONDON STOCK EXCHANGE,BCG.L,239.5
AUTO,LONDON STOCK EXCHANGE,AUTO.L,734.6
ENG,BOLSA DE MADRID,ENG.MC,14.36
MONET,PRAGUE STOCK EXCHANGE,MONET.PR,103
MFEB,ELECTRONIC SHARE MARKET,MFEB,0
ALLEI,NASDAQ STOCKHOLM AB,ALLEI.ST,67.34
WAWI,OSLO BORS ASA,WAWI.OL,106.7
TURSG.E,BORSA ISTANBUL - EQUITY MARKET,TURSG.E,0
SOON,SIX SWISS EXCHANGE,SOON.SW,290.9
HBH,XETRA,HBH.DE,67.75
OCDO,LONDON STOCK EXCHANGE,OCDO.L,528.4
EPI-A,NASDAQ STOCKHOLM AB,EPI-A.ST,194.35
ASML,EURONEXT - EURONEXT AMSTERDAM,ASML.AS,865
VMUK,LONDON STOCK EXCHANGE,VMUK.L,158.1
STM,XETRA,STM.DE,61.8
DOFG,OSLO BORS ASA,DOFG.OL,63.77
RACE,ELECTRONIC SHARE MARKET,RACE,416.07
GVS,ELECTRONIC SHARE MARKET,GVS,0
DNB,OSLO BORS ASA,DNB.OL,207.3
SHUR,EURONEXT - EURONEXT BRUSSELS,SHUR.BR,40.26
SDZ,SIX SWISS EXCHANGE,SDZ.SW,28.06
DEMANT,NASDAQ COPENHAGEN A/S,DEMANT.CO,369
MANTA,NASDAQ HELSINKI LTD,MANTA.HE,3.98
ABI,EURONEXT - EURONEXT BRUSSELS,ABI.BR,58.47
NEM,XETRA,NEM.DE,87.4
CAR,WARSAW STOCK EXCHANGE/EQUITIES/MAIN MARKET,CAR.WA,579
KIND-SDB,NASDAQ STOCKHOLM AB,KIND-SDB.ST,122.95
TTRAK.E,BORSA ISTANBUL - EQUITY MARKET,TTRAK.E,0
ADS,XETRA,ADS.DE,188.78
FLU,WIENER BOERSE AG AMTLICHER HANDEL (OFFICIAL MARKET),FLU,0
ADM,LONDON STOCK EXCHANGE,ADM.L,2533
CCC,WARSAW STOCK EXCHANGE/EQUITIES/MAIN MARKET,CCC.WA,72.64
GLPG,EURONEXT - EURONEXT AMSTERDAM,GLPG.AS,33.06
TIP,ELECTRONIC SHARE MARKET,TIP,106.22
DKSH,SIX SWISS EXCHANGE,DKSH.SW,65.85
SALM,OSLO BORS ASA,SALM.OL,649.2
TGYM,ELECTRONIC SHARE MARKET,TGYM,0
SNN,SPOT REGULATED MARKET - BVB,SNN,28.88
AVOL,SIX SWISS EXCHANGE,AVOL.SW,35.72
VER,WIENER BOERSE AG AMTLICHER HANDEL (OFFICIAL MARKET),VER,0
LOTB,EURONEXT - EURONEXT BRUSSELS,LOTB.BR,8860
DIE,EURONEXT - EURONEXT BRUSSELS,DIE.BR,178.1
RWAY,ELECTRONIC SHARE MARKET,RWAY,13.53
SOLB,EURONEXT - EURONEXT BRUSSELS,SOLB.BR,23.96
BMW,XETRA,BMW.DE,106.72
CBK,XETRA,CBK.DE,10.72
INDT,NASDAQ STOCKHOLM AB,INDT.ST,280.5
BFIT,EURONEXT - EURONEXT AMSTERDAM,BFIT.AS,25.82
CON,XETRA,CON.DE,74.36
LHA,XETRA,LHA.DE,7.38
HOT,XETRA,HOT.DE,105.1
ANIM,ELECTRONIC SHARE MARKET,ANIM,0
ENAV,ELECTRONIC SHARE MARKET,ENAV,28.39
SDF,XETRA,SDF.DE,12.67
MUV2,XETRA,MUV2.DE,423.4
VOW,XETRA,VOW.DE,141.35
BBVA,BOLSA DE MADRID,BBVA.MC,9.43
FCC,BOLSA DE MADRID,FCC.MC,12.54
REP,BOLSA DE MADRID,REP.MC,14.56
GFC,EURONEXT - EURONEXT PARIS,GFC.PA,93.75
LI,EURONEXT - EURONEXT PARIS,LI.PA,24.02
LSS,EURONEXT - EURONEXT PARIS,LSS.PA,30.95
BOL,EURONEXT - EURONEXT PARIS,BOL.PA,6.25
SGO,EURONEXT - EURONEXT PARIS,SGO.PA,70.19
VK,EURONEXT - EURONEXT PARIS,VK.PA,13.6
UBI,EURONEXT - EURONEXT PARIS,UBI.PA,22.15
FR,EURONEXT - EURONEXT PARIS,FR.PA,10.84
BARC,LONDON STOCK EXCHANGE,BARC.L,163.74
BBY,LONDON STOCK EXCHANGE,BBY.L,334.2
BT.A,LONDON STOCK EXCHANGE,BT.A.L,0
CHG,LONDON STOCK EXCHANGE,CHG.L,353
AV.,LONDON STOCK EXCHANGE,AV..L,0
ITV,LONDON STOCK EXCHANGE,ITV.L,58
EXPN,LONDON STOCK EXCHANGE,EXPN.L,3432
GRG,LONDON STOCK EXCHANGE,GRG.L,2772
PFV,XETRA,PFV.DE,156
LGEN,LONDON STOCK EXCHANGE,LGEN.L,242
MKS,LONDON STOCK EXCHANGE,MKS.L,241
RAT,LONDON STOCK EXCHANGE,RAT.L,1576
ETL,EURONEXT - EURONEXT PARIS,ETL.PA,3.84
GVOLT,OPERADOR DE MERCADO IBERICO DE ENERGIA - PORTUGAL,GVOLT.LS,8.1
RR.,LONDON STOCK EXCHANGE,RR..L,0
ROR,LONDON STOCK EXCHANGE,ROR.L,314.4
MGNS,LONDON STOCK EXCHANGE,MGNS.L,2240
IPN,EURONEXT - EURONEXT PARIS,IPN.PA,104.8
SMWH,LONDON STOCK EXCHANGE,SMWH.L,1298
TATE,LONDON STOCK EXCHANGE,TATE.L,613.5
LLOY,LONDON STOCK EXCHANGE,LLOY.L,45.49
COTN,SIX SWISS EXCHANGE,COTN.SW,310.2
STG,NASDAQ COPENHAGEN A/S,STG.CO,125.2
KCAER.E,BORSA ISTANBUL - EQUITY MARKET,KCAER.E,0
ALSN,SIX SWISS EXCHANGE,ALSN.SW,239.5
GRKP,SIX SWISS EXCHANGE,GRKP.SW,1790
SUN,SIX SWISS EXCHANGE,SUN.SW,95.95
PEO,WARSAW STOCK EXCHANGE/EQUITIES/MAIN MARKET,PEO.WA,173.85
JD.,LONDON STOCK EXCHANGE,JD..L,0
EXO,EURONEXT - EURONEXT AMSTERDAM,EXO.AS,101.1
IWG,LONDON STOCK EXCHANGE,IWG.L,197.6
BUFAB,NASDAQ STOCKHOLM AB,BUFAB.ST,394.6
BAMI,ELECTRONIC SHARE MARKET,BAMI,0
IP,ELECTRONIC SHARE MARKET,IP,34.73
BFT,WARSAW STOCK EXCHANGE/EQUITIES/MAIN MARKET,BFT.WA,2330
AMAG,WIENER BOERSE AG AMTLICHER HANDEL (OFFICIAL MARKET),AMAG,0
KRKG,LJUBLJANA STOCK EXCHANGE (OFFICIAL MARKET),KRKG.LJ,0
ORNBV,NASDAQ HELSINKI LTD,ORNBV.HE,38.5
AUSS,OSLO BORS ASA,AUSS.OL,74.4
GEBN,SIX SWISS EXCHANGE,GEBN.SW,523.8
DFDS,NASDAQ COPENHAGEN A/S,DFDS.CO,209
SUPR,LONDON STOCK EXCHANGE,SUPR.L,91.5
CARL-B,NASDAQ COPENHAGEN A/S,CARL-B.CO,960.6
JYSK,NASDAQ COPENHAGEN A/S,JYSK.CO,523.4
RILBA,NASDAQ COPENHAGEN A/S,RILBA.CO,1164
CORE-A,NASDAQ STOCKHOLM AB,CORE-A.ST,9.16
BIRG,IRISH STOCK EXCHANGE - ALL MARKET,BIRG.IR,9.1
LAND,SIX SWISS EXCHANGE,LAND.SW,66.5
CE2,XETRA,CE2.DE,11.28
HTO,ATHENS EXCHANGE S.A. CASH MARKET,HTO.AT,13.46
VEI,OSLO BORS ASA,VEI.OL,104.4
DNLM,LONDON STOCK EXCHANGE,DNLM.L,1159
WBD,ELECTRONIC SHARE MARKET,WBD,8.61
DAN,ELECTRONIC SHARE MARKET,DAN,12.63
INVE-B,NASDAQ STOCKHOLM AB,INVE-B.ST,259.95
SAAB-B,NASDAQ STOCKHOLM AB,SAAB-B.ST,789.8
VOLV-B,NASDAQ STOCKHOLM AB,VOLV-B.ST,280.8
UPONOR,NASDAQ HELSINKI LTD,UPONOR.HE,28.32
STERV,NASDAQ HELSINKI LTD,STERV.HE,11.2
HFG,XETRA,HFG.DE,12.6
SELEC.E,BORSA ISTANBUL - EQUITY MARKET,SELEC.E,0
ARJO-B,NASDAQ STOCKHOLM AB,ARJO-B.ST,47.7
ERG,ELECTRONIC SHARE MARKET,ERG,0
TGS,OSLO BORS ASA,TGS.OL,98
SCHP,EURONEXT - EURONEXT PARIS,SCHP.PA,115.2
BCHN,SIX SWISS EXCHANGE,BCHN.SW,507
BNR,XETRA,BNR.DE,84
VZN,SIX SWISS EXCHANGE,VZN.SW,111
BKW,SIX SWISS EXCHANGE,BKW.SW,131.8
FNTN,XETRA,FNTN.DE,24.32
SK3,IRISH STOCK EXCHANGE - ALL MARKET,SK3.IR,38.07
VRLA,EURONEXT - EURONEXT PARIS,VRLA.PA,34
ADYEN,EURONEXT - EURONEXT AMSTERDAM,ADYEN.AS,1467.6
CEY,LONDON STOCK EXCHANGE,CEY.L,92.3
ALLFG,EURONEXT - EURONEXT AMSTERDAM,ALLFG.AS,6.27
YKBNK.E,BORSA ISTANBUL - EQUITY MARKET,YKBNK.E,0
MOL,ELECTRONIC SHARE MARKET,MOL,0
STF,EURONEXT - EURONEXT PARIS,STF.PA,120.6
STMN,SIX SWISS EXCHANGE,STMN.SW,146.6
ELPE,ATHENS EXCHANGE S.A. CASH MARKET,ELPE.AT,8.2
BGEO,LONDON STOCK EXCHANGE,BGEO.L,4560
UNI,BOLSA DE MADRID,UNI.MC,0.97
BC,ELECTRONIC SHARE MARKET,BC,87.67
A2A,ELECTRONIC SHARE MARKET,A2A,0
SCMN,SIX SWISS EXCHANGE,SCMN.SW,516.2
KBC,EURONEXT - EURONEXT BRUSSELS,KBC.BR,64.08
CVSG,LONDON STOCK EXCHANGE,CVSG.L,1675
ERA,EURONEXT - EURONEXT PARIS,ERA.PA,61.25
AKBNK.E,BORSA ISTANBUL - EQUITY MARKET,AKBNK.E,0
AFRY,NASDAQ STOCKHOLM AB,AFRY.ST,163.4
PTEC,LONDON STOCK EXCHANGE,PTEC.L,460.2
ARCLK.E,BORSA ISTANBUL - EQUITY MARKET,ARCLK.E,0
SOW,XETRA,SOW.DE,37.1
AJB,LONDON STOCK EXCHANGE,AJB.L,312.8
AKCNS.E,BORSA ISTANBUL - EQUITY MARKET,AKCNS.E,0
ACE,ELECTRONIC SHARE MARKET,ACE,0
ACA,EURONEXT - EURONEXT PARIS,ACA.PA,12.55
ELG,XETRA,ELG.DE,71.1
BALD-B,NASDAQ STOCKHOLM AB,BALD-B.ST,65.48
SII,EURONEXT - EURONEXT PARIS,SII.PA,70.1
ALC,SIX SWISS EXCHANGE,ALC.SW,70.5
MOVE,SIX SWISS EXCHANGE,MOVE.SW,129
CARM,EURONEXT - EURONEXT PARIS,CARM.PA,15.18
YSN,XETRA,YSN.DE,153.2
PKN,WARSAW STOCK EXCHANGE/EQUITIES/MAIN MARKET,PKN.WA,66.12
AKSEN.E,BORSA ISTANBUL - EQUITY MARKET,AKSEN.E,0
ISCTR.E,BORSA ISTANBUL - EQUITY MARKET,ISCTR.E,0
KEMIRA,NASDAQ HELSINKI LTD,KEMIRA.HE,16.68
KCHOL.E,BORSA ISTANBUL - EQUITY MARKET,KCHOL.E,0
PRX,EURONEXT - EURONEXT AMSTERDAM,PRX.AS,28.33
FLNG,OSLO BORS ASA,FLNG.OL,264
TRNFP,MOSCOW EXCHANGE - ALL MARKETS,TRNFP.ME,0
FPE3,XETRA,FPE3.DE,41.32
MYCR,NASDAQ STOCKHOLM AB,MYCR.ST,332
SIX2,XETRA,SIX2.DE,85.45
AFX,XETRA,AFX.DE,113.45
BC8,XETRA,BC8.DE,48.85
FROTO.E,BORSA ISTANBUL - EQUITY MARKET,FROTO.E,0
KWS,XETRA,KWS.DE,46.1
NRO,EURONEXT - EURONEXT PARIS,NRO.PA,44.2
SANOMA,NASDAQ HELSINKI LTD,SANOMA.HE,6.69
BWLPG,OSLO BORS ASA,BWLPG.OL,135.4
TUPRS.E,BORSA ISTANBUL - EQUITY MARKET,TUPRS.E,0
VALMT,NASDAQ HELSINKI LTD,VALMT.HE,24.39
VAIAS,NASDAQ HELSINKI LTD,VAIAS.HE,37.7
VID,BOLSA DE MADRID,VID.MC,93.1
PNDORA,NASDAQ COPENHAGEN A/S,PNDORA.CO,1151.5
TEP,LONDON STOCK EXCHANGE,TEP.L,1488
WALL-B,NASDAQ STOCKHOLM AB,WALL-B.ST,45.78
AERO,SIX SWISS EXCHANGE,AERO.SW,15.54
ARION,NASDAQ ICELAND HF.,ARION.IC,155
ANDR,WIENER BOERSE AG AMTLICHER HANDEL (OFFICIAL MARKET),ANDR,0.02
DEQ,XETRA,DEQ.DE,18.98
TKA,WIENER BOERSE AG AMTLICHER HANDEL (OFFICIAL MARKET),TKA,0
ANTIN,EURONEXT - EURONEXT PARIS,ANTIN.PA,15.75
NZYM-B,NASDAQ COPENHAGEN A/S,NZYM-B.CO,387.8
HWDN,LONDON STOCK EXCHANGE,HWDN.L,802
FEVR,LONDON STOCK EXCHANGE,FEVR.L,1076
APPS,BOLSA DE MADRID,APPS.MC,11.41
AMUN,EURONEXT - EURONEXT PARIS,AMUN.PA,61.5
SAP,XETRA,SAP.DE,169.8
SCATC,OSLO BORS ASA,SCATC.OL,66.95
NDX1,XETRA,NDX1.DE,9.41
AZN,LONDON STOCK EXCHANGE,AZN.L,10220
CLNX,BOLSA DE MADRID,CLNX.MC,34.15
ITX,BOLSA DE MADRID,ITX.MC,41.01
AMP,ELECTRONIC SHARE MARKET,AMP,407.12
ZAL,XETRA,ZAL.DE,19.38
AMS,SIX SWISS EXCHANGE,AMS.SW,2.19
VITR,NASDAQ STOCKHOLM AB,VITR.ST,181.7
CRE,LONDON STOCK EXCHANGE,CRE.L,505
MOH,ATHENS EXCHANGE S.A. CASH MARKET,MOH.AT,27.2
HEM,NASDAQ STOCKHOLM AB,HEM.ST,308.4
TPEIR,ATHENS EXCHANGE S.A. CASH MARKET,TPEIR.AT,3.92
GAMA,LONDON STOCK EXCHANGE,GAMA.L,1246
KPN,EURONEXT - EURONEXT AMSTERDAM,KPN.AS,3.4
AGS,EURONEXT - EURONEXT BRUSSELS,AGS.BR,40.01
CDR,WARSAW STOCK EXCHANGE/EQUITIES/MAIN MARKET,CDR.WA,114.85
SYAB,XETRA,SYAB.DE,11.74
WKP,LONDON STOCK EXCHANGE,WKP.L,491.8
PPC,ATHENS EXCHANGE S.A. CASH MARKET,PPC.AT,11.81
AWE,LONDON STOCK EXCHANGE,AWE.L,162
UMG,EURONEXT - EURONEXT AMSTERDAM,UMG.AS,26.94
AENA,BOLSA DE MADRID,AENA.MC,176
KBX,XETRA,KBX.DE,62.86
ING,WARSAW STOCK EXCHANGE/EQUITIES/MAIN MARKET,ING.WA,302.5
INW,ELECTRONIC SHARE MARKET,INW,0
TROAX,NASDAQ STOCKHOLM AB,TROAX.ST,222.8
SWON,SIX SWISS EXCHANGE,SWON.SW,16.69
BRBY,LONDON STOCK EXCHANGE,BRBY.L,1304
SHA,XETRA,SHA.DE,6.3
EPR,OSLO BORS ASA,EPR.OL,72.1
IMCD,EURONEXT - EURONEXT AMSTERDAM,IMCD.AS,143.2
HLN,LONDON STOCK EXCHANGE,HLN.L,327.3
DB1,XETRA,DB1.DE,191.3
G24,XETRA,G24.DE,66.3
MAB,LONDON STOCK EXCHANGE,MAB.L,244.2
IHG,LONDON STOCK EXCHANGE,IHG.L,8752
ACLN,SIX SWISS EXCHANGE,ACLN.SW,29.34
MRO,LONDON STOCK EXCHANGE,MRO.L,616.2
GRNG,NASDAQ STOCKHOLM AB,GRNG.ST,99.55
SCT,LONDON STOCK EXCHANGE,SCT.L,1503
ASCL,LONDON STOCK EXCHANGE,ASCL.L,302.6
GALP,OPERADOR DE MERCADO IBERICO DE ENERGIA - PORTUGAL,GALP.LS,14.57
COP,XETRA,COP.DE,29.7
PLX,EURONEXT - EURONEXT PARIS,PLX.PA,25.97
QTCOM,NASDAQ HELSINKI LTD,QTCOM.HE,77.4
BRE,ELECTRONIC SHARE MARKET,BRE,0
HSX,LONDON STOCK EXCHANGE,HSX.L,1090
OTKAR.E,BORSA ISTANBUL - EQUITY MARKET,OTKAR.E,0
YAR,OSLO BORS ASA,YAR.OL,345.6
ELI,EURONEXT - EURONEXT BRUSSELS,ELI.BR,102.3
BGN,ELECTRONIC SHARE MARKET,BGN,0
ROCK-B,NASDAQ COPENHAGEN A/S,ROCK-B.CO,2258
KTY,WARSAW STOCK EXCHANGE/EQUITIES/MAIN MARKET,KTY.WA,707
RMV,LONDON STOCK EXCHANGE,RMV.L,561.2
BVI,EURONEXT - EURONEXT PARIS,BVI.PA,27.37
PGSUS.E,BORSA ISTANBUL - EQUITY MARKET,PGSUS.E,0
SOBI,NASDAQ STOCKHOLM AB,SOBI.ST,262.4
LXS,XETRA,LXS.DE,24.38
UQA,WIENER BOERSE AG AMTLICHER HANDEL (OFFICIAL MARKET),UQA,0
LNZ,WIENER BOERSE AG AMTLICHER HANDEL (OFFICIAL MARKET),LNZ,0
WIE,WIENER BOERSE AG AMTLICHER HANDEL (OFFICIAL MARKET),WIE,0
LIGHT,EURONEXT - EURONEXT AMSTERDAM,LIGHT.AS,25.11
UMI,EURONEXT - EURONEXT BRUSSELS,UMI.BR,19.94
ACKB,EURONEXT - EURONEXT BRUSSELS,ACKB.BR,157.2
GBLB,EURONEXT - EURONEXT BRUSSELS,GBLB.BR,71.24
TESB,EURONEXT - EURONEXT BRUSSELS,TESB.BR,25.75
TTALO,NASDAQ HELSINKI LTD,TTALO.HE,7.51
PHP,LONDON STOCK EXCHANGE,PHP.L,89.9
BEI,XETRA,BEI.DE,140.75
MBG,XETRA,MBG.DE,71.68
COPN,SIX SWISS EXCHANGE,COPN.SW,65.9
FRE,XETRA,FRE.DE,25.67
RHM,XETRA,RHM.DE,410.3
TEG,XETRA,TEG.DE,11.67
BKT,BOLSA DE MADRID,BKT.MC,5.81
NTGY,BOLSA DE MADRID,NTGY.MC,23.14
CAF,BOLSA DE MADRID,CAF.MC,32.25
ENO,BOLSA DE MADRID,ENO.MC,18.25
PSG,BOLSA DE MADRID,PSG.MC,1.77
AC,EURONEXT - EURONEXT PARIS,AC.PA,41.03
SAF,EURONEXT - EURONEXT PARIS,SAF.PA,193.02
BB,EURONEXT - EURONEXT PARIS,BB.PA,66.5
BN,EURONEXT - EURONEXT PARIS,BN.PA,60.71
CAP,EURONEXT - EURONEXT PARIS,CAP.PA,225.9
VIV,EURONEXT - EURONEXT PARIS,VIV.PA,10.23
GLE,EURONEXT - EURONEXT PARIS,GLE.PA,22.5
RUI,EURONEXT - EURONEXT PARIS,RUI.PA,24.6
LR,EURONEXT - EURONEXT PARIS,LR.PA,90.18
UN0,XETRA,UN0.DE,56.72
TEP,EURONEXT - EURONEXT PARIS,TEP.PA,132.75
SU,EURONEXT - EURONEXT PARIS,SU.PA,209.8
TTE,EURONEXT - EURONEXT PARIS,TTE.PA,59.66
ABF,LONDON STOCK EXCHANGE,ABF.L,2291
GL9,IRISH STOCK EXCHANGE - ALL MARKET,GL9.IR,15.7
BDEV,LONDON STOCK EXCHANGE,BDEV.L,478.5
BKG,LONDON STOCK EXCHANGE,BKG.L,4714
BP.,LONDON STOCK EXCHANGE,BP..L,0
GRI,LONDON STOCK EXCHANGE,GRI.L,265.8
GPE,LONDON STOCK EXCHANGE,GPE.L,360.4
MTO,LONDON STOCK EXCHANGE,MTO.L,105
MEL,BOLSA DE MADRID,MEL.MC,6.93
IMI,LONDON STOCK EXCHANGE,IMI.L,1767
PAGE,LONDON STOCK EXCHANGE,PAGE.L,444.8
CEC,XETRA,CEC.DE,2.03
VOD,LONDON STOCK EXCHANGE,VOD.L,66.25
RSW,LONDON STOCK EXCHANGE,RSW.L,4298
CEZ,PRAGUE STOCK EXCHANGE,CEZ.PR,845
SGE,LONDON STOCK EXCHANGE,SGE.L,1215.5
SBRY,LONDON STOCK EXCHANGE,SBRY.L,254
MERY,EURONEXT - EURONEXT PARIS,MERY.PA,10.2
SGRO,LONDON STOCK EXCHANGE,SGRO.L,864.2
SMDS,LONDON STOCK EXCHANGE,SMDS.L,320.8
CTEC,LONDON STOCK EXCHANGE,CTEC.L,248.4
IAG,LONDON STOCK EXCHANGE,IAG.L,152.75
WEIR,LONDON STOCK EXCHANGE,WEIR.L,1862.5
BCVN,SIX SWISS EXCHANGE,BCVN.SW,108.7
FORN,SIX SWISS EXCHANGE,FORN.SW,1026
ISN,SIX SWISS EXCHANGE,ISN.SW,608
VATN,SIX SWISS EXCHANGE,VATN.SW,102
LLBN,SIX SWISS EXCHANGE,LLBN.SW,70
SLHN,SIX SWISS EXCHANGE,SLHN.SW,648.8
UHR,SIX SWISS EXCHANGE,UHR.SW,209.2
NLBR,LJUBLJANA STOCK EXCHANGE (OFFICIAL MARKET),NLBR.LJ,0
GXI,XETRA,GXI.DE,104
BORR,OSLO BORS ASA,BORR.OL,65.8
LXI,LONDON STOCK EXCHANGE,LXI.L,110.75
SCF,ELECTRONIC SHARE MARKET,SCF,0
PROX,EURONEXT - EURONEXT BRUSSELS,PROX.BR,8.47
GLEN,LONDON STOCK EXCHANGE,GLEN.L,375.8
DOM,NASDAQ STOCKHOLM AB,DOM.ST,81.6
PGE,WARSAW STOCK EXCHANGE/EQUITIES/MAIN MARKET,PGE.WA,7.97
CNA,LONDON STOCK EXCHANGE,CNA.L,127.65
S92,XETRA,S92.DE,47.94
ALMB,NASDAQ COPENHAGEN A/S,ALMB.CO,13.12
DANSKE,NASDAQ COPENHAGEN A/S,DANSKE.CO,194
INRN,SIX SWISS EXCHANGE,INRN.SW,2865
RBREW,NASDAQ COPENHAGEN A/S,RBREW.CO,468.1
SBMO,EURONEXT - EURONEXT AMSTERDAM,SBMO.AS,12.72
NIBE-B,NASDAQ STOCKHOLM AB,NIBE-B.ST,56.96
KINV-B,NASDAQ STOCKHOLM AB,KINV-B.ST,101.45
INGA,EURONEXT - EURONEXT AMSTERDAM,INGA.AS,12.7
AXFO,NASDAQ STOCKHOLM AB,AXFO.ST,284.1
DOM,WARSAW STOCK EXCHANGE/EQUITIES/MAIN MARKET,DOM.WA,159
ELK,OSLO BORS ASA,ELK.OL,19.31
ODF,OSLO BORS ASA,ODF.OL,135.5
SAHOL.E,BORSA ISTANBUL - EQUITY MARKET,SAHOL.E,0
BZU,ELECTRONIC SHARE MARKET,BZU,0
UNI,ELECTRONIC SHARE MARKET,UNI,0
ENOG,LONDON STOCK EXCHANGE,ENOG.L,979
SCA-B,NASDAQ STOCKHOLM AB,SCA-B.ST,141.15
HOLM-B,NASDAQ STOCKHOLM AB,HOLM-B.ST,404.8
CAMX,NASDAQ STOCKHOLM AB,CAMX.ST,452.2
HM-B,NASDAQ STOCKHOLM AB,HM-B.ST,141.2
JM,NASDAQ STOCKHOLM AB,JM.ST,164.6
BIOA-B,NASDAQ STOCKHOLM AB,BIOA-B.ST,218.8
A5G,IRISH STOCK EXCHANGE - ALL MARKET,A5G.IR,4.4
VTY,LONDON STOCK EXCHANGE,VTY.L,1025
DMP,XETRA,DMP.DE,38.62
NDA-FI,NASDAQ HELSINKI LTD,NDA-FI.HE,11.18
CCH,LONDON STOCK EXCHANGE,CCH.L,2495
TRI,EURONEXT - EURONEXT PARIS,TRI.PA,149.9
ALFEN,EURONEXT - EURONEXT AMSTERDAM,ALFEN.AS,51.7
UTDI,XETRA,UTDI.DE,22.96
ZV,ELECTRONIC SHARE MARKET,ZV,0
GEST,BOLSA DE MADRID,GEST.MC,3.09
FDR,BOLSA DE MADRID,FDR.MC,19.97
TKWY,EURONEXT - EURONEXT AMSTERDAM,TKWY.AS,14.85
KOG,OSLO BORS ASA,KOG.OL,670
BARN,SIX SWISS EXCHANGE,BARN.SW,1320
EKTA-B,NASDAQ STOCKHOLM AB,EKTA-B.ST,74.4
HBR,LONDON STOCK EXCHANGE,HBR.L,249.4
AKRBP,OSLO BORS ASA,AKRBP.OL,257.4
SNI,OSLO BORS ASA,SNI.OL,386.5
OPL,WARSAW STOCK EXCHANGE/EQUITIES/MAIN MARKET,OPL.WA,8.65
AML,LONDON STOCK EXCHANGE,AML.L,171.7
PNE3,XETRA,PNE3.DE,13.3
FORTUM,NASDAQ HELSINKI LTD,FORTUM.HE,11.07
LMP,LONDON STOCK EXCHANGE,LMP.L,188.4
BRG,OSLO BORS ASA,BRG.OL,184.4
ANTO,LONDON STOCK EXCHANGE,ANTO.L,1796.5
SAN,EURONEXT - EURONEXT PARIS,SAN.PA,89.71
BILI-A,NASDAQ STOCKHOLM AB,BILI-A.ST,121.9
JET2,LONDON STOCK EXCHANGE,JET2.L,1402
WDP,EURONEXT - EURONEXT BRUSSELS,WDP.BR,25.48
ENKAI.E,BORSA ISTANBUL - EQUITY MARKET,ENKAI.E,0
AEFES.E,BORSA ISTANBUL - EQUITY MARKET,AEFES.E,0
HAFNI,OSLO BORS ASA,HAFNI.OL,75.1
EMG,LONDON STOCK EXCHANGE,EMG.L,239
PEUG,EURONEXT - EURONEXT PARIS,PEUG.PA,107.4
ENGI,EURONEXT - EURONEXT PARIS,ENGI.PA,14.84
COK,XETRA,COK.DE,28.7
EVT,XETRA,EVT.DE,13.99
8TRA,XETRA,8TRA.DE,23.7
EDPR,OPERADOR DE MERCADO IBERICO DE ENERGIA - PORTUGAL,EDPR.LS,13.33
NOS,OPERADOR DE MERCADO IBERICO DE ENERGIA - PORTUGAL,NOS.LS,3.24
NFG,LONDON STOCK EXCHANGE,NFG.L,935
WAVE,EURONEXT - EURONEXT PARIS,WAVE.PA,54.5
ABDN,LONDON STOCK EXCHANGE,ABDN.L,164.05
AGHOL.E,BORSA ISTANBUL - EQUITY MARKET,AGHOL.E,0
ALLN,SIX SWISS EXCHANGE,ALLN.SW,154.6
ACS,BOLSA DE MADRID,ACS.MC,37.16
COFA,EURONEXT - EURONEXT PARIS,COFA.PA,13.08
GLJ,XETRA,GLJ.DE,23.1
IDS,LONDON STOCK EXCHANGE,IDS.L,252.8
EKT,XETRA,EKT.DE,68.2
TMV,XETRA,TMV.DE,14.33
SOP,EURONEXT - EURONEXT PARIS,SOP.PA,230.4
GIVN,SIX SWISS EXCHANGE,GIVN.SW,3791
BNP,WARSAW STOCK EXCHANGE/EQUITIES/MAIN MARKET,BNP.WA,103.5
SISE.E,BORSA ISTANBUL - EQUITY MARKET,SISE.E,0
VOE,WIENER BOERSE AG AMTLICHER HANDEL (OFFICIAL MARKET),VOE,147.43
EDP,OPERADOR DE MERCADO IBERICO DE ENERGIA - PORTUGAL,EDP.LS,3.72
ICOS,ELECTRONIC SHARE MARKET,ICOS,0
IIA,WIENER BOERSE AG AMTLICHER HANDEL (OFFICIAL MARKET),IIA,0
THULE,NASDAQ STOCKHOLM AB,THULE.ST,294.7
CRL,ELECTRONIC SHARE MARKET,CRL,247.71
ICP,LONDON STOCK EXCHANGE,ICP.L,1872.5
ISB,NASDAQ ICELAND HF.,ISB.IC,112
OSB,LONDON STOCK EXCHANGE,OSB.L,429
HYQ,XETRA,HYQ.DE,196.5
ENEL,ELECTRONIC SHARE MARKET,ENEL,0
KTN,XETRA,KTN.DE,21
IRE,ELECTRONIC SHARE MARKET,IRE,0
BRD,SPOT REGULATED MARKET - BVB,BRD,0
CTPNV,EURONEXT - EURONEXT AMSTERDAM,CTPNV.AS,15.3
VTSC,XETRA,VTSC.DE,83.55
BME,LONDON STOCK EXCHANGE,BME.L,535.8
FBK,ELECTRONIC SHARE MARKET,FBK,35.6
AKSO,OSLO BORS ASA,AKSO.OL,34.98
OPAP,ATHENS EXCHANGE S.A. CASH MARKET,OPAP.AT,16.14
ADP,EURONEXT - EURONEXT PARIS,ADP.PA,131.5
ALPHA,ATHENS EXCHANGE S.A. CASH MARKET,ALPHA.AT,1.7
ETE,ATHENS EXCHANGE S.A. CASH MARKET,ETE.AT,7.25
BILL,NASDAQ STOCKHOLM AB,BILL.ST,88.56
MING,OSLO BORS ASA,MING.OL,141.2
ROO,LONDON STOCK EXCHANGE,ROO.L,114.7
ORP,EURONEXT - EURONEXT PARIS,ORP.PA,0.01
PHLL,LONDON STOCK EXCHANGE,PHLL.L,341.73
ALFA,NASDAQ STOCKHOLM AB,ALFA.ST,382.1
EVO,NASDAQ STOCKHOLM AB,EVO.ST,1355.4
WG.,LONDON STOCK EXCHANGE,WG..L,0
IVG,ELECTRONIC SHARE MARKET,IVG,0
SHC,LONDON STOCK EXCHANGE,SHC.L,126.7
FDJ,EURONEXT - EURONEXT PARIS,FDJ.PA,39.3
NCH2,XETRA,NCH2.DE,15.08
VEON,EURONEXT - EURONEXT AMSTERDAM,VEON.AS,0.88
ATRLJ-B,NASDAQ STOCKHOLM AB,ATRLJ-B.ST,195.3
III,LONDON STOCK EXCHANGE,III.L,1859.5
KNOS,LONDON STOCK EXCHANGE,KNOS.L,1101
PDX,FIRST NORTH SWEDEN - SME GROWTH MARKET,PDX.ST,200.6
SVEG,OSLO BORS ASA,SVEG.OL,117
LIAB,NASDAQ STOCKHOLM AB,LIAB.ST,218.6
DSFIR,EURONEXT - EURONEXT AMSTERDAM,DSFIR.AS,97.14
SYENS,EURONEXT - EURONEXT BRUSSELS,SYENS.BR,84
TYRES,NASDAQ HELSINKI LTD,TYRES.HE,8.44
SAX,XETRA,SAX.DE,53.65
ALIF-B,NASDAQ STOCKHOLM AB,ALIF-B.ST,101.4
TOKMAN,NASDAQ HELSINKI LTD,TOKMAN.HE,15.78
BEZ,LONDON STOCK EXCHANGE,BEZ.L,643.5
CLN,SIX SWISS EXCHANGE,CLN.SW,11.24
ULKER.E,BORSA ISTANBUL - EQUITY MARKET,ULKER.E,0
EGL,OPERADOR DE MERCADO IBERICO DE ENERGIA - PORTUGAL,EGL.LS,5.48
CCC,LONDON STOCK EXCHANGE,CCC.L,2940
BESI,EURONEXT - EURONEXT AMSTERDAM,BESI.AS,153.45
PFD,LONDON STOCK EXCHANGE,PFD.L,140
LOUP,EURONEXT - EURONEXT PARIS,LOUP.PA,133.5
VCT,LONDON STOCK EXCHANGE,VCT.L,1282
SHEL,LONDON STOCK EXCHANGE,SHEL.L,2494
EURN,EURONEXT - EURONEXT BRUSSELS,EURN.BR,16.38
FEES,MOSCOW EXCHANGE - ALL MARKETS,FEES.ME,0
SENS,SIX SWISS EXCHANGE,SENS.SW,67.3
SFSN,SIX SWISS EXCHANGE,SFSN.SW,110
HL.,LONDON STOCK EXCHANGE,HL..L,0
TTKOM.E,BORSA ISTANBUL - EQUITY MARKET,TTKOM.E,0
SNG,SPOT REGULATED MARKET - BVB,SNG,0
QQ.,LONDON STOCK EXCHANGE,QQ..L,0
ENA,WARSAW STOCK EXCHANGE/EQUITIES/MAIN MARKET,ENA.WA,9.81
VLK,EURONEXT - EURONEXT AMSTERDAM,VLK.AS,29.9
METSO,NASDAQ HELSINKI LTD,METSO.HE,10.04
WIHL,NASDAQ STOCKHOLM AB,WIHL.ST,84.7
ONT,LONDON STOCK EXCHANGE,ONT.L,143
CAI,WIENER BOERSE AG AMTLICHER HANDEL (OFFICIAL MARKET),CAI,0
BAR,EURONEXT - EURONEXT BRUSSELS,BAR.BR,16.01
BAYN,XETRA,BAYN.DE,28.82
IREN,SIX SWISS EXCHANGE,IREN.SW,95.8
HEI,XETRA,HEI.DE,84.78
SZG,XETRA,SZG.DE,24.36
DTE,XETRA,DTE.DE,22.13
SZU,XETRA,SZU.DE,13.07
SAN,BOLSA DE MADRID,SAN.MC,3.83
NHH,BOLSA DE MADRID,NHH.MC,4.4
TEF,BOLSA DE MADRID,TEF.MC,3.78
VIS,BOLSA DE MADRID,VIS.MC,52.8
CA,EURONEXT - EURONEXT PARIS,CA.PA,16.42
CS,EURONEXT - EURONEXT PARIS,CS.PA,32.3
DEME,EURONEXT - EURONEXT BRUSSELS,DEME.BR,121.2
HO,EURONEXT - EURONEXT PARIS,HO.PA,135.6
RXL,EURONEXT - EURONEXT PARIS,RXL.PA,24.34
UPM,NASDAQ HELSINKI LTD,UPM.HE,29.75
BHW,WARSAW STOCK EXCHANGE/EQUITIES/MAIN MARKET,BHW.WA,110.2
ICAD,EURONEXT - EURONEXT PARIS,ICAD.PA,29
FRVIA,EURONEXT - EURONEXT PARIS,FRVIA.PA,13.78
MPARK.E,BORSA ISTANBUL - EQUITY MARKET,MPARK.E,0
DG,EURONEXT - EURONEXT PARIS,DG.PA,116.76
MAU,EURONEXT - EURONEXT PARIS,MAU.PA,5
RI,EURONEXT - EURONEXT PARIS,RI.PA,157.95
RNO,EURONEXT - EURONEXT PARIS,RNO.PA,37.6
SK,EURONEXT - EURONEXT PARIS,SK.PA,114.2
SW,EURONEXT - EURONEXT PARIS,SW.PA,73.6
ALTA,EURONEXT - EURONEXT PARIS,ALTA.PA,75.1
TFI,EURONEXT - EURONEXT PARIS,TFI.PA,8.45
BA.,LONDON STOCK EXCHANGE,BA..L,0
BLND,LONDON STOCK EXCHANGE,BLND.L,361.4
CWK,LONDON STOCK EXCHANGE,CWK.L,3880
DLN,LONDON STOCK EXCHANGE,DLN.L,1946
GSK,LONDON STOCK EXCHANGE,GSK.L,1672.4
JHD,LONDON STOCK EXCHANGE,JHD.L,196.5
HMSO,LONDON STOCK EXCHANGE,HMSO.L,25.7
JMAT,LONDON STOCK EXCHANGE,JMAT.L,1591
EFGN,SIX SWISS EXCHANGE,EFGN.SW,12.18
KRX,IRISH STOCK EXCHANGE - ALL MARKET,KRX.IR,84.94
LAND,LONDON STOCK EXCHANGE,LAND.L,623.8
LISN,SIX SWISS EXCHANGE,LISN.SW,110400
UU.,LONDON STOCK EXCHANGE,UU..L,0
PSON,LONDON STOCK EXCHANGE,PSON.L,953.2
PSN,LONDON STOCK EXCHANGE,PSN.L,1412.5
PIRC,ELECTRONIC SHARE MARKET,PIRC,0
REL,LONDON STOCK EXCHANGE,REL.L,3500
RTO,LONDON STOCK EXCHANGE,RTO.L,428.8
RIO,LONDON STOCK EXCHANGE,RIO.L,5197
NOVN,SIX SWISS EXCHANGE,NOVN.SW,91.63
SRP,LONDON STOCK EXCHANGE,SRP.L,179.7
SN.,LONDON STOCK EXCHANGE,SN..L,0
TRYG,NASDAQ COPENHAGEN A/S,TRYG.CO,146.3
POST,WIENER BOERSE AG AMTLICHER HANDEL (OFFICIAL MARKET),POST,105.88
SPX,LONDON STOCK EXCHANGE,SPX.L,10455
ULVR,LONDON STOCK EXCHANGE,ULVR.L,4002
BALN,SIX SWISS EXCHANGE,BALN.SW,143.2
ZURN,SIX SWISS EXCHANGE,ZURN.SW,463
NESN,SIX SWISS EXCHANGE,NESN.SW,95.35
ROG,SIX SWISS EXCHANGE,ROG.SW,232.4
CFR,SIX SWISS EXCHANGE,CFR.SW,137.6
CFT,SIX SWISS EXCHANGE,CFT.SW,123
SGSN,SIX SWISS EXCHANGE,SGSN.SW,85.86
FME,XETRA,FME.DE,35.45
LEHN,SIX SWISS EXCHANGE,LEHN.SW,1736
LOGN,SIX SWISS EXCHANGE,LOGN.SW,78.8
SCHP,SIX SWISS EXCHANGE,SCHP.SW,234.2
SFZN,SIX SWISS EXCHANGE,SFZN.SW,895
SIKA,SIX SWISS EXCHANGE,SIKA.SW,258.8
ENT,LONDON STOCK EXCHANGE,ENT.L,911.2
SKAN,SIX SWISS EXCHANGE,SKAN.SW,81.9
IG,ELECTRONIC SHARE MARKET,IG,20.58
DOM,LONDON STOCK EXCHANGE,DOM.L,351.6
APAM,EURONEXT - EURONEXT AMSTERDAM,APAM.AS,28.41
SREN,SIX SWISS EXCHANGE,SREN.SW,106.5
ALD,EURONEXT - EURONEXT PARIS,ALD.PA,5.59
PGHN,SIX SWISS EXCHANGE,PGHN.SW,1252.5
CATE,NASDAQ STOCKHOLM AB,CATE.ST,437
WCH,XETRA,WCH.DE,97.66
VLTSA,EURONEXT - EURONEXT PARIS,VLTSA.PA,7.81
SPOL,OSLO BORS ASA,SPOL.OL,122.4
MCOV-B,NASDAQ STOCKHOLM AB,MCOV-B.ST,143.2
MVC,BOLSA DE MADRID,MVC.MC,7.57
TELIA,NASDAQ STOCKHOLM AB,TELIA.ST,24.52
DIA,ELECTRONIC SHARE MARKET,DIA,391.28
CAST,NASDAQ STOCKHOLM AB,CAST.ST,124.35
COLO-B,NASDAQ COPENHAGEN A/S,COLO-B.CO,913.4
GRP,IRISH STOCK EXCHANGE - ALL MARKET,GRP.IR,0.87
SMS,LONDON STOCK EXCHANGE,SMS.L,946
GN,NASDAQ COPENHAGEN A/S,GN.CO,167
FLS,NASDAQ COPENHAGEN A/S,FLS.CO,318.8
VPK,EURONEXT - EURONEXT AMSTERDAM,VPK.AS,34.1
WKL,EURONEXT - EURONEXT AMSTERDAM,WKL.AS,148.2
BETS-B,NASDAQ STOCKHOLM AB,BETS-B.ST,106
MOWI,OSLO BORS ASA,MOWI.OL,200.3
AKER,OSLO BORS ASA,AKER.OL,578
ATEA,OSLO BORS ASA,ATEA.OL,126
ORK,OSLO BORS ASA,ORK.OL,76.2
ISP,ELECTRONIC SHARE MARKET,ISP,26.16
UCG,ELECTRONIC SHARE MARKET,UCG,0
US,ELECTRONIC SHARE MARKET,US,0
LATO-B,NASDAQ STOCKHOLM AB,LATO-B.ST,268.8
SHB-A,NASDAQ STOCKHOLM AB,SHB-A.ST,121.3
SAMPO,NASDAQ HELSINKI LTD,SAMPO.HE,41.19
CHEMM,NASDAQ COPENHAGEN A/S,CHEMM.CO,465.8
RHIM,LONDON STOCK EXCHANGE,RHIM.L,3426
AIXA,XETRA,AIXA.DE,33.24
MTELEKOM,BUDAPEST STOCK EXCHANGE,MTELEKOM.BUD,0
TAVHL.E,BORSA ISTANBUL - EQUITY MARKET,TAVHL.E,0
JTC,LONDON STOCK EXCHANGE,JTC.L,758.5
CCOLA.E,BORSA ISTANBUL - EQUITY MARKET,CCOLA.E,0
SAFE,LONDON STOCK EXCHANGE,SAFE.L,761.5
1U1,XETRA,1U1.DE,17.08
DWS,XETRA,DWS.DE,37.88
ARG,EURONEXT - EURONEXT PARIS,ARG.PA,81
ENJSA.E,BORSA ISTANBUL - EQUITY MARKET,ENJSA.E,0
NYF,NASDAQ STOCKHOLM AB,NYF.ST,84.45
SLR,BOLSA DE MADRID,SLR.MC,11.56
KRDMD.E,BORSA ISTANBUL - EQUITY MARKET,KRDMD.E,0
NDA,XETRA,NDA.DE,59.8
VNA,XETRA,VNA.DE,26.44
SESG,EURONEXT - EURONEXT PARIS,SESG.PA,6.04
DOC,WIENER BOERSE AG AMTLICHER HANDEL (OFFICIAL MARKET),DOC,11.22
MONY,LONDON STOCK EXCHANGE,MONY.L,247.2
SOL,ELECTRONIC SHARE MARKET,SOL,1.98
ECV,XETRA,ECV.DE,11.3
BEAN,SIX SWISS EXCHANGE,BEAN.SW,414
KSB,XETRA,KSB.DE,645
NN,EURONEXT - EURONEXT AMSTERDAM,NN.AS,37.61
NP3,NASDAQ STOCKHOLM AB,NP3.ST,189.4
CABK,BOLSA DE MADRID,CABK.MC,4.1
ATE,EURONEXT - EURONEXT PARIS,ATE.PA,140.1
EVK,XETRA,EVK.DE,17.3
SIGN,SIX SWISS EXCHANGE,SIGN.SW,17.8
KGX,XETRA,KGX.DE,42.21
TENERGY,ATHENS EXCHANGE S.A. CASH MARKET,TENERGY.AT,16.16
AKSA.E,BORSA ISTANBUL - EQUITY MARKET,AKSA.E,0
ALARK.E,BORSA ISTANBUL - EQUITY MARKET,ALARK.E,0
BCP,OPERADOR DE MERCADO IBERICO DE ENERGIA - PORTUGAL,BCP.LS,0.28
UTG,LONDON STOCK EXCHANGE,UTG.L,993
PAL,WIENER BOERSE AG AMTLICHER HANDEL (OFFICIAL MARKET),PAL,0
VSVS,LONDON STOCK EXCHANGE,VSVS.L,486.6
CIMSA.E,BORSA ISTANBUL - EQUITY MARKET,CIMSA.E,0
ENI,ELECTRONIC SHARE MARKET,ENI,0
EREGL.E,BORSA ISTANBUL - EQUITY MARKET,EREGL.E,0
EBS,WIENER BOERSE AG AMTLICHER HANDEL (OFFICIAL MARKET),EBS,2.74
ADE,OSLO BORS ASA,ADE.OL,112.8
GFTU,LONDON STOCK EXCHANGE,GFTU.L,978.8
ALE,WARSAW STOCK EXCHANGE/EQUITIES/MAIN MARKET,ALE.WA,32.87
VIE,EURONEXT - EURONEXT PARIS,VIE.PA,30.19
LONN,SIX SWISS EXCHANGE,LONN.SW,463.6
37773,XETRA,37773.DE,0
FRES,LONDON STOCK EXCHANGE,FRES.L,474.4
WRT1V,NASDAQ HELSINKI LTD,WRT1V.HE,14.5
KWS,LONDON STOCK EXCHANGE,KWS.L,1620
PLUS,LONDON STOCK EXCHANGE,PLUS.L,1835
EPRO-B,NASDAQ STOCKHOLM AB,EPRO-B.ST,65.55
TKO,EURONEXT - EURONEXT PARIS,TKO.PA,20.95
PETKM.E,BORSA ISTANBUL - EQUITY MARKET,PETKM.E,0
VAKBN.E,BORSA ISTANBUL - EQUITY MARKET,VAKBN.E,0
SECU-B,NASDAQ STOCKHOLM AB,SECU-B.ST,107.8
BYG,LONDON STOCK EXCHANGE,BYG.L,1026
BEIJ-B,NASDAQ STOCKHOLM AB,BEIJ-B.ST,146
SPNO,NASDAQ COPENHAGEN A/S,SPNO.CO,118.2
HTWS,LONDON STOCK EXCHANGE,HTWS.L,76.8
EQNR,OSLO BORS ASA,EQNR.OL,265.4
SQN,SIX SWISS EXCHANGE,SQN.SW,234.6
CEM,ELECTRONIC SHARE MARKET,CEM,42.47
BFSA,XETRA,BFSA.DE,29.78
THYAO.E,BORSA ISTANBUL - EQUITY MARKET,THYAO.E,0
DATA,LONDON STOCK EXCHANGE,DATA.L,188
COR,OPERADOR DE MERCADO IBERICO DE ENERGIA - PORTUGAL,COR.LS,9.74
GNS,LONDON STOCK EXCHANGE,GNS.L,1959
ENTRA,OSLO BORS ASA,ENTRA.OL,106.5
AMBU-B,NASDAQ COPENHAGEN A/S,AMBU-B.CO,123.75
JDEP,EURONEXT - EURONEXT AMSTERDAM,JDEP.AS,22.2
DHL,XETRA,DHL.DE,43.46
FHZN,SIX SWISS EXCHANGE,FHZN.SW,187.5
TCAP,LONDON STOCK EXCHANGE,TCAP.L,180.8
REY,ELECTRONIC SHARE MARKET,REY,0
SCHA,OSLO BORS ASA,SCHA.OL,319.6
MRL,BOLSA DE MADRID,MRL.MC,9.2
AZA,NASDAQ STOCKHOLM AB,AZA.ST,223.1
CADLR,OSLO BORS ASA,CADLR.OL,44.18
CPR,ELECTRONIC SHARE MARKET,CPR,0
TPRO,ELECTRONIC SHARE MARKET,TPRO,0
QLT,LONDON STOCK EXCHANGE,QLT.L,100.6
BG,WIENER BOERSE AG AMTLICHER HANDEL (OFFICIAL MARKET),BG,93.65
EVD,XETRA,EVD.DE,71
SOI,EURONEXT - EURONEXT PARIS,SOI.PA,140.5
LOG,BOLSA DE MADRID,LOG.MC,27.3
GETI-B,NASDAQ STOCKHOLM AB,GETI-B.ST,209.3
KBCA,EURONEXT - EURONEXT BRUSSELS,KBCA.BR,42.18
SUBC,OSLO BORS ASA,SUBC.OL,141.65
EMMN,SIX SWISS EXCHANGE,EMMN.SW,875
ADDT-B,NASDAQ STOCKHOLM AB,ADDT-B.ST,234.8
LAGR-B,NASDAQ STOCKHOLM AB,LAGR-B.ST,150
ARGX,EURONEXT - EURONEXT BRUSSELS,ARGX.BR,377.6
INF,LONDON STOCK EXCHANGE,INF.L,824.6
SRG,ELECTRONIC SHARE MARKET,SRG,9.49
BMPS,ELECTRONIC SHARE MARKET,BMPS,0
BUR,LONDON STOCK EXCHANGE,BUR.L,1227
YUBICO,FIRST NORTH SWEDEN - SME GROWTH MARKET,YUBICO.ST,221.5
PCO,WARSAW STOCK EXCHANGE/EQUITIES/MAIN MARKET,PCO.WA,22.1
ORSTED,NASDAQ COPENHAGEN A/S,ORSTED.CO,377.1
ARCAD,EURONEXT - EURONEXT AMSTERDAM,ARCAD.AS,53.05
AGR,LONDON STOCK EXCHANGE,AGR.L,42.32
VIMIAN,FIRST NORTH SWEDEN - SME GROWTH MARKET,VIMIAN.ST,28.82
MBK,WARSAW STOCK EXCHANGE/EQUITIES/MAIN MARKET,MBK.WA,683
ITP,EURONEXT - EURONEXT PARIS,ITP.PA,50.7
ABN,EURONEXT - EURONEXT AMSTERDAM,ABN.AS,14.75
MMK,WIENER BOERSE AG AMTLICHER HANDEL (OFFICIAL MARKET),MMK,0
KNIN,SIX SWISS EXCHANGE,KNIN.SW,287.9
DTG,XETRA,DTG.DE,36.67
PROT,OSLO BORS ASA,PROT.OL,213.5
KEDA,SIX SWISS EXCHANGE,KEDA.SW,16
IHP,LONDON STOCK EXCHANGE,IHP.L,267.6
OTP,BUDAPEST STOCK EXCHANGE,OTP.BUD,0
AUTO,OSLO BORS ASA,AUTO.OL,17.58
LSEG,LONDON STOCK EXCHANGE,LSEG.L,8922
THG,LONDON STOCK EXCHANGE,THG.L,65.3
DIM,EURONEXT - EURONEXT PARIS,DIM.PA,251.2
VIG,WIENER BOERSE AG AMTLICHER HANDEL (OFFICIAL MARKET),VIG,178.77
1COV,XETRA,1COV.DE,50
KOMB,PRAGUE STOCK EXCHANGE,KOMB.PR,827
COFB,EURONEXT - EURONEXT BRUSSELS,COFB.BR,61.4
1SXP,XETRA,1SXP.DE,38.2
HER,ELECTRONIC SHARE MARKET,HER,0
XIOR,EURONEXT - EURONEXT BRUSSELS,XIOR.BR,26.45
FTK,XETRA,FTK.DE,10.05
HLE,XETRA,HLE.DE,81.2
VACN,SIX SWISS EXCHANGE,VACN.SW,443
TRMD-A,NASDAQ COPENHAGEN A/S,TRMD-A.CO,226.6
SNGS,MOSCOW EXCHANGE - ALL MARKETS,SNGS.ME,0
SEM,OPERADOR DE MERCADO IBERICO DE ENERGIA - PORTUGAL,SEM.LS,14.02
TRN,ELECTRONIC SHARE MARKET,TRN,24.59
MRK,XETRA,MRK.DE,159
DOAS.E,BORSA ISTANBUL - EQUITY MARKET,DOAS.E,0
BIM,EURONEXT - EURONEXT PARIS,BIM.PA,105.15
GRF,BOLSA DE MADRID,GRF.MC,11.49
NG.,LONDON STOCK EXCHANGE,NG..L,0
CGCBV,NASDAQ HELSINKI LTD,CGCBV.HE,61.4
AKE,EURONEXT - EURONEXT PARIS,AKE.PA,100.8
BRKN,SIX SWISS EXCHANGE,BRKN.SW,93.5
PZU,WARSAW STOCK EXCHANGE/EQUITIES/MAIN MARKET,PZU.WA,50.92
KOJAMO,NASDAQ HELSINKI LTD,KOJAMO.HE,10.36
LDA,BOLSA DE MADRID,LDA.MC,0.92
VETO,EURONEXT - EURONEXT PARIS,VETO.PA,100.2
ZEAL,NASDAQ COPENHAGEN A/S,ZEAL.CO,478
SFER,ELECTRONIC SHARE MARKET,SFER,0
RENE,OPERADOR DE MERCADO IBERICO DE ENERGIA - PORTUGAL,RENE.LS,2.22
AEGN,ATHENS EXCHANGE S.A. CASH MARKET,AEGN.AT,12.64
BFF,ELECTRONIC SHARE MARKET,BFF,0
PIA,ELECTRONIC SHARE MARKET,PIA,0
TOM2,EURONEXT - EURONEXT AMSTERDAM,TOM2.AS,7.49
DESN,SIX SWISS EXCHANGE,DESN.SW,236.5
AAK,NASDAQ STOCKHOLM AB,AAK.ST,232.6
KNEBV,NASDAQ HELSINKI LTD,KNEBV.HE,46.7
